chrstrandcoord,gene,shoot1,shoot2,shoot3,stem_60days1,stem_60days2,stem_60days3,root_5days1,root_5days2,root_5days3,anther1,anther2,anther3
ChrSy+235579,ChrSy.fgenesh.gene.33,1,3,2,0,0,0,0,1,2,1,1,1
ChrSy+236049,ChrSy.fgenesh.gene.33,1,0,0,1,1,1,6,6,2,2,5,2
Chr1+356171,LOC_Os01g01689,2,2,4,0,0,0,2,1,1,0,1,0
Chr1+371188,LOC_Os01g01689,30,27,16,38,34,35,13,20,21,27,18,24
Chr1+374561,LOC_Os01g01700,5,7,6,4,4,4,18,18,13,20,16,5
Chr1+374424,LOC_Os01g01700,212,233,182,199,194,177,242,262,293,227,224,249
Chr1+1856529,LOC_Os01g04200,2,2,0,1,1,0,0,3,0,3,2,1
Chr1+1856256,LOC_Os01g04200,38,31,43,8,10,6,13,16,14,14,10,14
Chr1+1856117,LOC_Os01g04200,1,1,0,0,0,0,1,1,1,0,0,2
Chr1+1855402,LOC_Os01g04200,31,50,42,19,12,16,31,33,28,18,10,15
Chr1+2608018,LOC_Os01g05500,0,0,0,0,0,0,0,0,1,0,0,2
Chr1+2601686,LOC_Os01g05500,0,0,0,0,0,0,0,0,1,2,1,0
Chr1+2600567,LOC_Os01g05500,5,9,15,6,12,3,5,10,4,3,6,6
Chr1+2609247,LOC_Os01g05500,0,0,0,0,0,0,0,0,0,0,0,0
Chr1+2612758,LOC_Os01g05500,149,153,147,240,232,232,121,129,133,186,189,182
Chr1-3667570,LOC_Os01g07630,1,1,3,3,1,1,2,2,2,0,1,0
Chr1-3671562,LOC_Os01g07630,0,0,0,0,0,0,0,0,0,1,1,1
Chr1-3667505,LOC_Os01g07630,82,78,79,22,25,25,48,43,53,23,21,23
Chr1-3713770,LOC_Os01g07740,51,48,48,36,34,39,66,51,55,233,91,209
Chr1-3718312,LOC_Os01g07740,0,1,0,0,0,1,1,0,0,0,0,1
Chr1+5412511,LOC_Os01g10280,1,0,9,2,2,3,6,3,4,0,1,2
Chr1+5412761,LOC_Os01g10280,0,0,0,1,1,3,2,2,1,0,0,0
Chr1+5412697,LOC_Os01g10280,0,2,0,0,1,0,0,3,0,0,2,0
Chr1+6029641,LOC_Os01g11260,6,6,7,3,1,1,10,2,1,17,14,26
Chr1+6029525,LOC_Os01g11260,1,3,3,0,0,0,1,1,1,1,1,2
Chr1+6270688,LOC_Os01g11620,287,283,285,12,10,11,120,168,128,12,18,14
Chr1+6270822,LOC_Os01g11620,24,25,25,0,1,0,13,14,10,0,1,2
Chr1-6575126,LOC_Os01g12080,7,0,2,4,6,3,1,2,2,4,4,1
Chr1-6572018,LOC_Os01g12080,9,25,3,18,15,18,8,9,9,5,4,4
Chr1-6572877,LOC_Os01g12080,1,2,1,1,3,0,0,0,0,0,1,0
Chr1-6572141,LOC_Os01g12080,112,118,120,99,134,137,38,46,52,36,39,34
Chr1-6725035,LOC_Os01g12320,28,26,28,13,28,35,9,26,22,4,1,0
Chr1-6724944,LOC_Os01g12320,171,176,189,221,223,192,153,113,162,24,23,28
Chr1-6725081,LOC_Os01g12320,0,1,1,0,0,3,1,3,1,0,0,0
Chr1+7092083,LOC_Os01g12810,3,2,4,4,1,4,5,3,3,0,0,0
Chr1+7095316,LOC_Os01g12810,130,131,120,179,182,173,9,9,8,67,52,52
Chr1+7576953,LOC_Os01g13540,1,0,0,0,0,0,1,3,1,5,3,1
Chr1+7576771,LOC_Os01g13540,102,102,99,193,197,207,71,115,115,68,66,40
Chr1+7575165,LOC_Os01g13540,0,0,0,1,0,0,0,1,2,4,3,2
Chr1-7623978,LOC_Os01g13610,0,0,0,0,0,0,0,0,0,0,0,0
Chr1-7619138,LOC_Os01g13610,0,0,0,3,3,0,0,0,0,16,9,14
Chr1-7618935,LOC_Os01g13610,0,0,0,0,0,0,0,0,0,0,0,0
Chr1+7672581,LOC_Os01g13700,15,13,16,15,11,10,6,27,29,38,37,38
Chr1+7672710,LOC_Os01g13700,199,210,228,178,179,183,298,297,303,262,239,261
Chr1-7687909,LOC_Os01g13740,2,0,4,0,0,0,3,1,0,0,1,0
Chr1-7686899,LOC_Os01g13740,335,330,322,667,525,670,2,3,4,12,7,3
Chr1-8175378,LOC_Os01g14590,0,0,0,0,0,0,0,0,0,0,0,0
Chr1-8175675,LOC_Os01g14590,10,12,14,0,11,5,5,3,4,4,6,4
Chr1-8175468,LOC_Os01g14590,8,5,4,3,4,3,0,3,3,4,4,4
Chr1+8408590,LOC_Os01g15000,0,0,0,0,0,0,0,0,0,0,0,0
Chr1+8405373,LOC_Os01g15000,0,1,0,1,2,5,3,6,2,0,0,0
Chr1+8408240,LOC_Os01g15000,0,0,0,5,4,6,1,0,0,0,0,2
Chr1+8408351,LOC_Os01g15000,11,10,11,59,45,45,14,18,15,59,57,56
Chr1+8407017,LOC_Os01g15000,0,0,0,1,0,1,0,0,1,0,0,0
Chr1-9658230,LOC_Os01g16890,920,892,827,1167,883,999,1759,1715,1771,439,449,470
Chr1-9659592,LOC_Os01g16890,0,0,0,0,0,0,0,0,0,0,0,0
Chr1-9660105,LOC_Os01g16890,0,0,0,0,0,0,0,0,0,0,0,0
Chr1-9660661,LOC_Os01g16890,0,2,1,1,0,0,2,0,3,0,0,0
Chr1-9658021,LOC_Os01g16890,0,6,4,5,8,4,6,10,13,3,3,4
Chr1-9660380,LOC_Os01g16890,0,0,0,0,0,0,1,2,1,0,0,2
Chr1+9879603,LOC_Os01g17180,0,0,1,0,0,0,0,0,0,0,0,0
Chr1+9885367,LOC_Os01g17180,85,95,92,96,58,96,118,125,120,166,172,174
Chr1+10655296,LOC_Os01g18850,0,0,0,0,0,0,0,0,0,0,0,0
Chr1+10656648,LOC_Os01g18850,49,42,45,105,108,103,56,54,52,24,29,33
Chr1+10679801,LOC_Os01g18880,0,0,0,0,0,0,1,2,0,2,0,0
Chr1+10678290,LOC_Os01g18880,0,0,1,0,1,1,1,1,1,1,2,1
Chr1+10676910,LOC_Os01g18880,0,1,1,2,1,0,1,3,3,4,3,1
Chr1+10677075,LOC_Os01g18880,2,0,0,0,0,0,0,0,0,2,1,0
Chr1+10679862,LOC_Os01g18880,0,2,2,18,14,19,8,9,7,43,49,39
Chr1+11170325,LOC_Os01g19694,0,0,0,0,0,0,0,1,0,0,0,1
Chr1+11174452,LOC_Os01g19694,0,0,0,0,0,0,16,16,8,0,0,0
Chr1+11174321,LOC_Os01g19694,0,0,0,0,0,0,11,9,4,0,0,0
Chr1-11253657,LOC_Os01g19850,3,0,0,2,1,1,6,7,8,61,57,57
Chr1-11253815,LOC_Os01g19850,0,0,0,0,0,0,0,0,0,5,4,4
Chr1-11800239,LOC_Os01g21144,0,0,0,0,0,0,0,1,0,0,0,1
Chr1-11801468,LOC_Os01g21144,2,4,5,3,4,4,2,2,2,11,19,4
Chr1-11800290,LOC_Os01g21144,0,0,0,0,0,0,0,0,0,0,0,0
Chr1+11975457,LOC_Os01g21450,0,0,0,0,0,1,0,0,1,0,2,2
Chr1+11975299,LOC_Os01g21450,0,0,0,0,0,0,0,0,0,8,9,8
Chr1+11981803,LOC_Os01g21450,106,111,91,160,134,155,92,57,55,187,191,174
Chr1+11981977,LOC_Os01g21450,0,0,0,0,0,1,1,0,1,0,0,1
Chr1-12704551,LOC_Os01g22600,0,0,0,0,0,0,0,0,0,1,0,0
Chr1-12704882,LOC_Os01g22600,9,8,15,54,71,64,19,16,20,33,15,36
Chr1-12704755,LOC_Os01g22600,14,23,14,90,77,86,17,22,20,75,80,69
Chr1+13305003,LOC_Os01g23640,0,0,0,0,0,0,0,0,0,0,0,0
Chr1+13304670,LOC_Os01g23640,0,0,0,0,0,0,0,0,0,0,0,0
Chr1+13305253,LOC_Os01g23640,72,89,83,86,90,86,92,89,86,72,67,66
Chr1+13443712,LOC_Os01g23880,0,0,0,0,0,0,2,0,0,24,25,29
Chr1+13443168,LOC_Os01g23880,0,0,0,0,0,0,0,0,0,17,14,0
Chr1+13443430,LOC_Os01g23880,3,1,6,1,2,4,0,4,1,5138,4754,4993
Chr1+13935377,LOC_Os01g24764,87,77,80,110,117,111,4,7,3,75,80,82
Chr1+13935124,LOC_Os01g24764,9,9,4,0,9,9,1,0,2,8,7,12
Chr1+13935565,LOC_Os01g24764,6,2,8,0,0,1,0,1,0,2,0,3
Chr1+13935855,LOC_Os01g24764,7,0,7,4,12,12,1,0,0,3,4,3
Chr1-14754834,LOC_Os01g26039,61,64,83,41,46,64,47,50,43,79,99,88
Chr1-14757624,LOC_Os01g26039,3,2,3,4,3,2,5,1,2,3,4,2
Chr1+16056051,LOC_Os01g28680,1,3,2,2,11,4,4,4,4,0,0,0
Chr1+16056254,LOC_Os01g28680,69,100,93,167,124,169,164,181,136,37,42,34
Chr1+16051023,LOC_Os01g28680,0,0,0,0,0,0,0,1,1,0,1,0
Chr1+16053083,LOC_Os01g28680,0,2,1,0,1,1,3,0,1,0,0,0
Chr1+16047519,LOC_Os01g28680,5,5,4,1,0,0,0,1,0,0,0,1
Chr1+17607032,LOC_Os01g32170,0,0,0,0,0,0,1,0,0,1,0,0
Chr1+17607127,LOC_Os01g32170,1,0,0,3,2,4,0,1,3,0,1,0
Chr1+17607514,LOC_Os01g32170,5,10,2,4,4,4,4,4,10,5,5,5
Chr1+17606900,LOC_Os01g32170,0,0,0,2,1,2,2,1,0,0,0,0
Chr1+18050168,LOC_Os01g32870,10,8,6,5,6,3,10,10,10,3,1,2
Chr1+18050053,LOC_Os01g32870,69,63,77,57,64,65,124,92,132,160,142,160
Chr1-18394360,LOC_Os01g33420,164,154,161,311,277,365,117,105,117,95,65,74
Chr1-18395693,LOC_Os01g33420,0,1,1,0,0,1,0,0,0,0,0,0
Chr1-18459991,LOC_Os01g33540,11,12,13,7,8,8,7,7,8,39,42,43
Chr1-18459308,LOC_Os01g33540,14,15,16,23,19,13,12,10,9,33,30,33
Chr1-18459207,LOC_Os01g33540,0,0,0,0,2,1,0,0,1,0,0,0
Chr1+20332204,LOC_Os01g36640,3,1,7,0,0,0,2,0,1,1,1,1
Chr1+20334364,LOC_Os01g36640,1,0,2,1,1,1,0,0,1,2,0,1
Chr1+20334834,LOC_Os01g36640,2,1,1,0,0,0,1,1,1,1,3,0
Chr1+20334613,LOC_Os01g36640,7,22,33,14,11,14,11,15,23,13,9,16
Chr1+20334066,LOC_Os01g36640,0,1,2,0,1,3,2,1,2,1,2,1
Chr1+20335020,LOC_Os01g36640,0,2,1,2,4,1,11,8,3,4,5,5
Chr1+20820512,LOC_Os01g37280,1,0,0,0,0,1,1,0,2,0,2,0
Chr1+20820347,LOC_Os01g37280,0,0,0,1,0,1,0,0,0,3,3,4
Chr1+20820385,LOC_Os01g37280,13,7,6,19,26,13,6,3,4,17,15,20
Chr1+20818589,LOC_Os01g37280,0,0,1,0,1,0,0,0,0,7,4,4
Chr1-22855513,LOC_Os01g40470,247,317,296,233,219,243,483,442,471,507,509,507
Chr1-22855806,LOC_Os01g40470,0,0,0,0,0,0,0,0,0,0,2,2
Chr1-22857225,LOC_Os01g40470,0,0,0,0,0,0,0,0,0,0,0,0
Chr1+23930822,LOC_Os01g42234,0,0,0,0,0,0,0,0,0,0,0,0
Chr1+23925357,LOC_Os01g42234,2,1,2,1,0,1,2,2,0,2,2,3
Chr1+23933450,LOC_Os01g42234,91,123,129,26,33,22,221,237,253,23,24,56
Chr1-24703796,LOC_Os01g43250,46,40,42,110,104,79,77,74,63,54,67,53
Chr1-24708192,LOC_Os01g43250,0,0,0,0,0,0,1,0,1,0,0,0
Chr1+25003415,LOC_Os01g43630,6,10,6,7,6,6,11,10,13,3,3,3
Chr1+25003233,LOC_Os01g43630,22,73,63,52,52,64,61,65,60,96,99,93
Chr1+25354917,LOC_Os01g44220,0,4,0,0,0,0,1,3,1,1,7,0
Chr1+25361865,LOC_Os01g44220,80,80,82,53,52,55,30,25,31,54,104,91
Chr1+25362209,LOC_Os01g44220,0,1,0,0,0,0,0,0,0,0,0,0
Chr1+25356680,LOC_Os01g44220,0,0,0,0,0,0,0,0,0,0,0,0
Chr1+25354450,LOC_Os01g44220,3,3,4,0,1,0,2,3,1,23,23,24
Chr1-25921400,LOC_Os01g45620,0,0,0,0,0,0,0,0,0,5,4,5
Chr1-25917622,LOC_Os01g45620,6,9,5,13,10,12,3,7,0,241,248,257
Chr1-25917859,LOC_Os01g45620,0,0,0,0,0,0,0,0,0,15,10,13
Chr1-25921679,LOC_Os01g45620,0,0,0,0,0,0,0,0,0,2,7,9
Chr1-25918558,LOC_Os01g45620,0,0,0,0,0,0,0,1,0,12,31,20
Chr1-25917441,LOC_Os01g45620,0,0,0,0,0,1,0,0,0,9,7,6
Chr1-25917749,LOC_Os01g45620,0,0,0,0,1,0,0,0,0,71,49,62
Chr1+26396273,LOC_Os01g46380,1,1,1,9,10,11,3,5,4,3,1,1
Chr1+26395170,LOC_Os01g46380,0,0,0,0,0,0,0,0,0,0,0,0
Chr1+26396056,LOC_Os01g46380,108,120,129,1161,1134,1154,458,410,416,234,259,201
Chr1+26722429,LOC_Os01g46840,0,6,1,0,0,0,1,1,1,4,4,6
Chr1+26722277,LOC_Os01g46840,5,1,2,2,0,1,4,5,2,6,7,7
Chr1+26720154,LOC_Os01g46840,0,0,0,0,0,0,0,0,0,1,1,1
Chr1-26888426,LOC_Os01g47080,292,318,383,21,24,19,184,181,177,172,189,182
Chr1-26888569,LOC_Os01g47080,0,1,0,0,0,0,0,0,0,1,0,0
Chr1+27010935,LOC_Os01g47262,0,0,0,0,0,0,0,0,0,0,0,0
Chr1+27010193,LOC_Os01g47262,0,0,0,0,0,0,0,0,0,0,0,0
Chr1+27010855,LOC_Os01g47262,0,0,0,0,0,0,0,0,0,0,0,1
Chr1+27012055,LOC_Os01g47262,81,84,86,413,390,459,54,37,23,119,132,122
Chr1+27009271,LOC_Os01g47262,0,0,0,0,0,0,0,0,0,0,0,0
Chr1-27965530,LOC_Os01g48770,1,2,2,0,0,1,17,13,16,4,0,3
Chr1-27965721,LOC_Os01g48770,899,758,893,979,1040,1092,1643,1650,1844,603,551,571
Chr1-28697312,LOC_Os01g49940,7,6,5,0,0,4,4,5,4,6,6,1
Chr1-28683935,LOC_Os01g49940,43,44,46,109,65,108,52,54,51,105,104,117
Chr1-28697450,LOC_Os01g49940,21,15,16,55,52,49,11,18,12,44,40,45
Chr1+28804457,LOC_Os01g50120,3,0,2,1,1,0,1,0,1,0,0,1
Chr1+28803863,LOC_Os01g50120,6,18,16,11,14,11,4,3,2,5,7,4
Chr1+28800764,LOC_Os01g50120,10,10,8,2,2,2,0,1,1,4,2,1
Chr1+29124339,LOC_Os01g50700,0,0,0,0,0,0,0,0,0,0,0,0
Chr1+29124591,LOC_Os01g50700,4,1,5,0,0,0,0,1,0,1,2,0
Chr1+29123295,LOC_Os01g50700,0,0,0,0,0,1,0,1,0,39,20,22
Chr1+29124215,LOC_Os01g50700,0,0,0,0,0,0,0,0,0,0,0,0
Chr1+30431695,LOC_Os01g52920,49,62,59,230,228,233,50,48,51,196,262,227
Chr1+30431148,LOC_Os01g52920,0,3,0,7,7,6,1,1,1,3,3,3
Chr1+30431484,LOC_Os01g52920,0,0,0,0,0,0,0,0,0,0,1,0
Chr1+30432087,LOC_Os01g52920,0,0,0,0,0,1,0,0,0,3,1,2
Chr1-30526019,LOC_Os01g53130,0,0,0,0,1,0,0,0,0,0,0,1
Chr1-30525031,LOC_Os01g53130,0,1,1,7,7,8,1,0,0,38,37,36
Chr1-30527175,LOC_Os01g53130,0,0,0,0,0,1,1,1,0,6,3,6
Chr1-30527478,LOC_Os01g53130,0,0,0,0,3,0,2,1,0,40,35,38
Chr1-30527365,LOC_Os01g53130,12,18,4,1,6,4,3,4,4,90,63,66
Chr1+32622547,LOC_Os01g56580,0,0,0,2,1,1,0,0,0,0,0,0
Chr1+32622715,LOC_Os01g56580,84,71,85,119,105,106,99,97,96,152,155,155
Chr1-32855437,LOC_Os01g56890,33,25,26,10,56,35,19,0,17,70,46,57
Chr1-32855924,LOC_Os01g56890,0,0,0,3,5,4,3,2,5,7,7,27
Chr1-32856278,LOC_Os01g56890,0,0,0,0,0,0,0,0,0,1,1,1
Chr1-32855385,LOC_Os01g56890,209,189,297,346,349,333,80,97,94,510,493,498
Chr1-32856153,LOC_Os01g56890,0,2,0,2,0,1,2,0,1,4,5,4
Chr1+32862638,LOC_Os01g56900,2,2,2,4,4,1,4,4,5,6,8,8
Chr1+32863305,LOC_Os01g56900,2,4,0,12,13,13,8,3,4,9,4,7
Chr1+32863554,LOC_Os01g56900,0,0,4,5,3,4,6,9,3,17,20,16
Chr1+33058487,LOC_Os01g57210,34,47,35,14,13,10,12,26,28,16,18,19
Chr1+33058583,LOC_Os01g57210,7,5,2,0,0,0,2,2,3,2,2,1
Chr1+33055124,LOC_Os01g57210,0,0,0,0,0,0,0,0,0,0,0,0
Chr1+33052173,LOC_Os01g57210,0,0,0,1,0,0,0,0,1,2,1,1
Chr1-33369626,LOC_Os01g57720,1,0,1,1,0,0,0,0,0,2,0,0
Chr1-33368699,LOC_Os01g57720,0,11,11,10,9,11,5,9,18,18,16,19
Chr1-33368984,LOC_Os01g57720,59,60,47,66,65,67,34,49,50,79,82,87
Chr1-33369580,LOC_Os01g57720,2,2,4,18,8,9,1,0,0,7,5,6
Chr1-33369316,LOC_Os01g57720,0,0,0,1,1,0,0,0,0,0,0,1
Chr1+33663175,LOC_Os01g58240,4,3,4,10,3,9,0,0,0,0,0,0
Chr1+33663606,LOC_Os01g58240,0,0,0,2,4,0,0,1,0,0,0,0
Chr1+33672497,LOC_Os01g58240,2,5,4,44,22,38,17,19,14,0,0,0
Chr1-34163816,LOC_Os01g59140,1,1,2,2,1,1,0,0,0,2,1,2
Chr1-34163514,LOC_Os01g59140,1,2,2,1,0,1,0,1,1,2,3,1
Chr1-34165817,LOC_Os01g59140,7,3,5,3,4,3,4,5,5,2,5,4
Chr1-34163746,LOC_Os01g59140,32,37,38,36,51,39,73,62,68,34,29,30
Chr1+34202742,LOC_Os01g59200,0,0,0,0,0,0,1,1,1,0,0,0
Chr1+34202645,LOC_Os01g59200,1,1,1,0,0,0,4,4,5,1,1,1
Chr1+34423675,LOC_Os01g59530,150,154,120,339,365,298,31,31,39,600,557,605
Chr1+34423862,LOC_Os01g59530,2,2,2,0,0,0,2,2,1,4,4,6
Chr1-36014043,LOC_Os01g62230,384,430,306,91,75,89,359,369,410,196,226,220
Chr1-36014480,LOC_Os01g62230,1,4,2,0,0,0,1,1,0,0,1,2
Chr1-36102686,LOC_Os01g62380,59,70,70,6,9,7,40,56,37,7,26,14
Chr1-36099882,LOC_Os01g62380,8,2,1,0,0,2,5,6,5,0,0,0
Chr1-36141689,LOC_Os01g62440,0,0,0,0,0,0,0,0,0,0,0,1
Chr1-36138825,LOC_Os01g62440,91,93,79,35,46,39,15,18,18,11,19,12
Chr1-36139131,LOC_Os01g62440,0,2,1,0,2,0,0,0,0,0,0,1
Chr1-36145739,LOC_Os01g62440,3,3,3,0,2,1,0,0,2,1,1,1
Chr1+36280264,LOC_Os01g62650,0,0,0,0,0,0,0,1,0,1,0,0
Chr1+36286366,LOC_Os01g62650,60,58,56,142,112,122,67,57,68,150,140,157
Chr1+36280419,LOC_Os01g62650,0,0,0,0,2,1,0,0,0,0,0,1
Chr1+36285594,LOC_Os01g62650,3,0,4,1,0,0,3,1,1,0,0,0
Chr1+36440121,LOC_Os01g62900,9,13,14,24,28,35,7,13,10,212,284,269
Chr1+36440402,LOC_Os01g62900,0,4,1,16,10,0,2,5,9,78,63,70
Chr1+36483777,LOC_Os01g62970,0,0,0,1,0,0,0,0,0,0,0,0
Chr1+36481175,LOC_Os01g62970,3,11,4,3,2,3,7,2,5,0,4,2
Chr1+36484002,LOC_Os01g62970,20,8,9,191,182,192,4,4,8,93,127,98
Chr1-37049115,LOC_Os01g63854,26,27,28,17,17,16,31,72,39,18,15,17
Chr1-37043633,LOC_Os01g63854,87,68,89,69,47,64,117,94,169,59,80,96
Chr1-37043453,LOC_Os01g63854,6,4,8,3,1,3,2,7,5,4,7,5
Chr1-37048729,LOC_Os01g63854,0,0,0,1,1,0,3,3,3,3,1,1
Chr1-37048182,LOC_Os01g63854,0,0,0,0,0,1,0,0,0,0,0,0
Chr1-38206951,LOC_Os01g65790,312,329,348,10,9,11,63,60,58,117,132,103
Chr1-38208579,LOC_Os01g65790,1,8,5,3,1,4,10,2,5,8,6,8
Chr1+38332591,LOC_Os01g66050,22,21,34,31,33,30,30,44,45,45,51,46
Chr1+38332293,LOC_Os01g66050,0,0,0,0,0,0,0,2,2,0,0,0
Chr1-38400569,LOC_Os01g66120,0,0,0,0,0,0,0,0,0,0,3,0
Chr1-38399973,LOC_Os01g66120,1,0,0,1,1,1,0,0,0,1,0,1
Chr1-38398218,LOC_Os01g66120,0,0,0,0,0,0,0,0,0,0,0,0
Chr1-38400637,LOC_Os01g66120,0,0,0,0,0,0,0,0,0,3,1,2
Chr1-38398994,LOC_Os01g66120,169,172,154,890,883,865,193,193,174,552,560,588
Chr1+39863578,LOC_Os01g68640,2,7,12,3,1,1,3,3,2,5,8,6
Chr1+39863436,LOC_Os01g68640,0,0,0,1,1,0,0,2,2,12,7,16
Chr1+40920737,LOC_Os01g70670,21,19,22,41,31,43,22,22,25,10,5,13
Chr1+40918499,LOC_Os01g70670,0,0,0,0,0,0,0,0,0,0,0,0
Chr1+40920606,LOC_Os01g70670,53,45,74,112,93,94,69,40,53,69,73,80
Chr1-43072749,LOC_Os01g74350,41,51,43,35,39,50,38,52,50,62,60,72
Chr1-43075776,LOC_Os01g74350,22,23,38,27,27,41,63,65,85,70,75,74
Chr2-1178924,LOC_Os02g03000,3,3,1,0,1,0,1,1,1,1,1,1
Chr2-1178890,LOC_Os02g03000,8,6,15,2,1,2,5,5,6,19,8,19
Chr2+1211089,LOC_Os02g03060,35,29,29,18,25,13,55,52,53,15,13,16
Chr2+1210986,LOC_Os02g03060,0,1,0,0,0,0,2,2,1,0,0,0
Chr2-1288905,LOC_Os02g03230,2,6,4,0,0,0,0,0,0,2,1,3
Chr2-1289078,LOC_Os02g03230,729,500,702,275,251,227,58,56,54,192,182,196
Chr2-1550782,LOC_Os02g03700,8,6,9,26,39,40,11,12,12,3,2,1
Chr2-1551808,LOC_Os02g03700,0,0,0,0,1,2,0,0,0,1,1,0
Chr2-1551474,LOC_Os02g03700,0,0,0,6,4,1,3,3,1,0,1,0
Chr2-1550645,LOC_Os02g03700,2,4,3,5,4,10,3,3,4,1,1,1
Chr2-1550907,LOC_Os02g03700,0,0,0,4,3,1,1,0,0,0,0,0
Chr2-1551642,LOC_Os02g03700,0,2,0,2,4,1,6,0,1,0,0,0
Chr2-1552766,LOC_Os02g03700,144,113,95,269,308,279,131,153,84,356,365,353
Chr2+2394151,LOC_Os02g05030,1,3,3,0,0,0,0,0,1,0,0,0
Chr2+2394322,LOC_Os02g05030,123,121,114,81,141,121,86,83,84,812,795,814
Chr2-3846388,LOC_Os02g07450,1,0,0,0,0,0,0,0,0,0,1,0
Chr2-3846019,LOC_Os02g07450,1,0,0,4,4,2,1,1,1,0,7,5
Chr2-3846222,LOC_Os02g07450,25,17,33,157,125,151,32,45,50,58,58,50
Chr2-4038895,LOC_Os02g07750,0,0,1,0,0,0,0,0,0,1,1,1
Chr2-4038492,LOC_Os02g07750,160,129,151,164,206,120,297,276,332,42,72,39
Chr2+5504356,LOC_Os02g10470,76,43,23,2,13,10,18,14,18,758,599,696
Chr2+5504238,LOC_Os02g10470,1,0,1,2,0,2,0,0,2,43,50,38
Chr2-5587263,LOC_Os02g10630,0,0,0,0,0,0,0,0,0,7,6,7
Chr2-5587184,LOC_Os02g10630,2,6,3,0,1,0,2,1,1,464,425,434
Chr2-5930297,LOC_Os02g11070,30,13,24,42,36,34,154,159,211,121,143,8
Chr2-5932387,LOC_Os02g11070,0,2,1,0,1,0,0,0,0,0,0,0
Chr2-5955075,LOC_Os02g11110,1,6,5,0,0,0,0,0,0,0,0,0
Chr2-5955681,LOC_Os02g11110,107,92,91,17,17,17,3,2,2,8,9,12
Chr2-5955017,LOC_Os02g11110,1,0,0,0,0,1,0,0,0,0,0,0
Chr2-5955208,LOC_Os02g11110,2,6,1,0,0,0,0,0,0,0,0,0
Chr2-6529691,LOC_Os02g12490,4,5,4,19,20,17,3,0,3,4,5,0
Chr2-6530247,LOC_Os02g12490,20,30,24,33,27,32,9,12,0,14,14,14
Chr2-6532217,LOC_Os02g12490,0,0,0,0,0,1,0,1,0,3,4,2
Chr2-6530886,LOC_Os02g12490,1,2,0,0,0,0,1,2,1,0,1,0
Chr2-6530340,LOC_Os02g12490,13,15,17,18,21,22,16,13,14,21,28,25
Chr2+7687331,LOC_Os02g14059,168,187,181,395,457,364,344,324,274,116,127,124
Chr2+7687624,LOC_Os02g14059,2,1,2,0,1,0,5,5,5,0,1,1
Chr2+7682662,LOC_Os02g14059,0,0,0,0,0,0,0,0,0,0,0,0
Chr2+7677787,LOC_Os02g14059,5,11,5,0,0,1,7,7,5,2,23,10
Chr2+8221336,LOC_Os02g14800,2,1,3,1,2,2,1,0,0,1,1,1
Chr2+8217132,LOC_Os02g14800,20,22,20,31,24,26,13,7,5,7,11,8
Chr2+8317184,LOC_Os02g14900,9,11,9,10,9,12,26,24,35,9,9,11
Chr2+8300243,LOC_Os02g14900,9,5,1,2,2,1,4,4,5,3,1,2
Chr2+8316992,LOC_Os02g14900,0,3,1,0,0,0,3,1,6,4,1,2
Chr2+8314499,LOC_Os02g14900,2,2,4,2,1,1,1,3,2,1,1,1
Chr2-8747271,LOC_Os02g15580,0,0,0,0,0,1,0,0,0,0,0,0
Chr2-8747067,LOC_Os02g15580,111,88,92,114,118,115,76,71,46,46,47,54
Chr2+9044660,LOC_Os02g15950,5,7,7,15,18,15,5,9,0,14,15,17
Chr2+9046083,LOC_Os02g15950,3,3,4,9,11,6,0,6,1,16,12,18
Chr2+9044737,LOC_Os02g15950,9,14,4,10,11,3,10,15,11,31,22,25
Chr2-9913486,LOC_Os02g17292,5,3,1,5,3,7,2,4,2,4,5,5
Chr2-9912522,LOC_Os02g17292,11,16,16,11,8,9,6,5,3,11,7,20
Chr2-9913625,LOC_Os02g17292,1,2,2,1,1,2,7,3,2,0,0,0
Chr2-9913669,LOC_Os02g17292,0,0,1,0,0,1,1,3,0,1,1,1
Chr2-11160276,LOC_Os02g19140,0,0,0,0,0,0,0,0,0,0,0,0
Chr2-11157250,LOC_Os02g19140,240,227,230,218,231,231,312,307,320,245,310,308
Chr2-11159684,LOC_Os02g19140,2,4,0,1,1,3,2,3,2,0,0,2
Chr2-15468574,LOC_Os02g26349,2,19,16,7,6,7,16,17,16,6,4,2
Chr2-15468252,LOC_Os02g26349,7,7,10,21,14,12,13,14,8,11,6,10
Chr2+15912986,LOC_Os02g27060,3,2,6,3,3,1,1,0,2,0,4,4
Chr2+15913311,LOC_Os02g27060,0,0,0,0,0,0,0,0,0,3,2,3
Chr2+15915382,LOC_Os02g27060,1,1,2,0,1,0,0,0,0,1,1,0
Chr2+15915566,LOC_Os02g27060,43,47,46,73,25,95,20,21,20,83,81,70
Chr2+16442642,LOC_Os02g27760,0,0,0,0,4,1,1,1,1,1,1,0
Chr2+16442552,LOC_Os02g27760,4,2,2,1,2,1,2,4,1,1,1,1
Chr2+16442445,LOC_Os02g27760,1086,1135,1179,836,942,990,1395,1572,1394,449,476,445
Chr2-17244950,LOC_Os02g29130,0,0,0,0,0,0,0,0,0,3,4,2
Chr2-17254219,LOC_Os02g29130,4,0,1,0,1,1,3,0,0,1,0,0
Chr2+18712002,LOC_Os02g31220,79,72,83,105,74,95,67,71,65,65,79,73
Chr2+18711652,LOC_Os02g31220,5,6,17,19,35,17,22,17,9,13,14,6
Chr2+18706759,LOC_Os02g31220,1,0,0,0,2,2,0,1,1,1,1,0
Chr2+18712273,LOC_Os02g31220,16,22,15,20,3,20,18,18,18,9,6,13
Chr2+18711507,LOC_Os02g31220,0,1,0,2,2,2,0,0,1,0,0,1
Chr2+18711396,LOC_Os02g31220,0,3,1,3,2,4,1,4,2,0,1,2
Chr2-18889903,LOC_Os02g31960,8,7,14,3,5,12,10,8,9,11,5,18
Chr2-18889982,LOC_Os02g31960,5,6,0,6,9,0,6,5,7,5,5,5
Chr2-19309755,LOC_Os02g32590,7,6,17,42,29,34,2,4,2,114,132,101
Chr2-19309512,LOC_Os02g32590,0,0,0,0,0,0,0,0,0,1,6,5
Chr2-19312149,LOC_Os02g32590,0,1,2,1,0,1,2,0,1,6,7,7
Chr2-19406144,LOC_Os02g32690,0,1,1,1,2,1,0,0,2,0,0,0
Chr2-19415539,LOC_Os02g32690,0,0,0,0,0,0,0,0,0,0,0,0
Chr2-19405398,LOC_Os02g32690,0,0,1,0,0,0,29,24,24,0,0,0
Chr2-19405267,LOC_Os02g32690,1,1,2,0,0,0,10,12,13,0,0,0
Chr2-19406584,LOC_Os02g32690,0,1,0,1,0,0,8,12,7,0,0,0
Chr2-19406282,LOC_Os02g32690,1,0,1,0,0,1,1,1,1,0,0,0
Chr2-19405538,LOC_Os02g32690,1,8,15,0,0,0,37,63,29,0,0,0
Chr2-21411357,LOC_Os02g35590,0,0,0,0,0,0,0,0,0,0,0,0
Chr2-21410581,LOC_Os02g35590,0,0,1,1,1,1,4,8,2,2,0,1
Chr2-21410854,LOC_Os02g35590,126,129,118,224,221,234,86,93,102,61,47,60
Chr2+21417192,LOC_Os02g35600,79,104,89,119,122,115,62,63,46,81,82,83
Chr2+21414776,LOC_Os02g35600,3,0,0,0,0,0,0,0,0,0,0,0
Chr2+21417451,LOC_Os02g35600,0,1,1,5,4,1,0,0,0,1,0,1
Chr2+21414661,LOC_Os02g35600,0,0,0,0,1,0,1,1,1,0,2,0
Chr2-22365525,LOC_Os02g37030,0,0,0,0,1,0,0,0,0,1,0,0
Chr2-22365434,LOC_Os02g37030,49,43,46,109,99,86,20,35,17,50,51,53
Chr2-22365325,LOC_Os02g37030,75,69,65,97,99,99,48,49,46,65,74,55
Chr2-23768598,LOC_Os02g39384,0,0,0,0,0,0,1,0,0,0,0,0
Chr2-23768788,LOC_Os02g39384,0,0,0,1,1,1,0,0,0,0,0,0
Chr2-23768996,LOC_Os02g39384,0,0,0,0,0,0,3,0,3,0,0,0
Chr2-24976333,LOC_Os02g41630,1,0,0,0,0,0,0,0,0,1,1,0
Chr2-24973449,LOC_Os02g41630,8704,7994,8252,12065,11514,11477,11145,11593,11132,219,214,262
Chr2-24985293,LOC_Os02g41650,2844,2916,2962,2658,2690,2696,2829,2377,2714,398,402,411
Chr2-24989309,LOC_Os02g41650,11,12,10,1,1,1,10,10,9,0,2,4
Chr2-24988736,LOC_Os02g41650,76,58,76,10,11,10,36,43,45,1,0,0
Chr2-24984870,LOC_Os02g41650,2,2,2,0,1,1,0,2,1,1,1,0
Chr2-24985579,LOC_Os02g41650,16,11,15,1,3,5,21,18,39,6,4,0
Chr2-24988487,LOC_Os02g41650,32,28,29,0,6,1,5,6,7,0,1,0
Chr2-25252915,LOC_Os02g42020,5,6,9,0,0,0,3,4,3,1,1,1
Chr2-25250919,LOC_Os02g42020,1,6,9,0,0,1,4,2,3,0,0,0
Chr2-25243157,LOC_Os02g42020,0,0,0,0,0,0,0,0,0,0,0,0
Chr2-25242586,LOC_Os02g42020,43,46,43,120,121,114,63,52,54,65,55,59
Chr2-25251004,LOC_Os02g42020,3,10,7,7,11,7,10,10,9,2,3,2
Chr2+25400795,LOC_Os02g42220,12,9,3,4,6,5,11,8,10,0,0,0
Chr2+25404079,LOC_Os02g42220,16,16,16,16,16,16,13,12,19,0,0,0
Chr2+25404328,LOC_Os02g42220,0,1,4,0,5,4,1,1,1,1,1,1
Chr2+25404210,LOC_Os02g42220,177,169,146,215,191,203,135,135,137,28,25,19
Chr2+26519762,LOC_Os02g43930,0,0,0,1,1,2,1,0,0,0,0,0
Chr2+26523221,LOC_Os02g43930,176,193,149,626,675,703,186,232,213,493,521,552
Chr2-26866894,LOC_Os02g44380,0,0,0,0,0,0,2,2,0,22,26,29
Chr2-26866526,LOC_Os02g44380,3,5,5,0,0,0,0,0,0,187,148,157
Chr2-26875346,LOC_Os02g44380,1,3,0,0,0,0,3,3,4,0,0,0
Chr2+27389105,LOC_Os02g45150,0,0,0,0,0,0,2,4,3,0,0,0
Chr2+27387494,LOC_Os02g45150,11,9,11,6,4,6,9,3,4,0,2,1
Chr2+27387677,LOC_Os02g45150,4,1,2,5,3,2,5,5,4,1,1,1
Chr2-28109647,LOC_Os02g46120,0,0,0,0,1,1,1,0,0,0,0,0
Chr2-28109106,LOC_Os02g46120,1,0,0,0,0,0,0,1,1,1,0,0
Chr2-28108635,LOC_Os02g46120,2,2,2,0,0,1,1,1,0,1,1,1
Chr2-28109791,LOC_Os02g46120,1,0,0,0,0,0,0,0,0,3,2,0
Chr2+28118869,LOC_Os02g46130,1,4,2,4,8,2,9,12,10,3,1,0
Chr2+28118978,LOC_Os02g46130,7,7,7,4,6,6,13,13,14,4,4,5
Chr2+28118684,LOC_Os02g46130,63,74,102,63,65,68,176,166,138,65,54,66
Chr2-28290012,LOC_Os02g46440,7,5,7,1,1,1,0,0,1,1,0,1
Chr2-28289764,LOC_Os02g46440,16,20,9,2,3,2,7,3,6,0,1,0
Chr2-28290945,LOC_Os02g46440,195,159,206,30,26,29,11,16,18,22,15,20
Chr2-28480797,LOC_Os02g46660,0,0,0,0,0,0,0,0,0,0,0,0
Chr2-28480842,LOC_Os02g46660,0,0,0,0,0,1,0,0,0,0,0,0
Chr2-28480903,LOC_Os02g46660,0,0,0,0,0,0,0,0,0,0,0,0
Chr2-28478685,LOC_Os02g46660,78,83,97,134,120,122,44,42,53,23,23,14
Chr2-29226666,LOC_Os02g47790,11,14,17,0,0,0,8,11,13,0,0,0
Chr2-29228191,LOC_Os02g47790,3,2,1,1,0,0,1,1,0,0,0,0
Chr2+29801902,LOC_Os02g48680,1,1,0,0,0,0,0,0,1,0,0,0
Chr2+29801621,LOC_Os02g48680,29,30,31,39,44,52,47,61,64,68,75,93
Chr2+30448040,LOC_Os02g49820,0,7,7,8,9,8,4,2,1,2,1,1
Chr2+30445332,LOC_Os02g49820,2,3,3,0,1,1,8,3,2,1,1,1
Chr2+30447973,LOC_Os02g49820,20,30,18,7,9,8,1,8,1,7,6,6
Chr2-31120619,LOC_Os02g50910,11,19,10,0,0,1,18,19,18,81,71,85
Chr2-31123299,LOC_Os02g50910,2,0,4,1,1,1,2,1,1,0,0,0
Chr2-31123156,LOC_Os02g50910,0,0,1,0,1,0,1,0,1,0,0,0
Chr2-31538242,LOC_Os02g51500,0,0,1,4,0,1,2,6,5,1,5,3
Chr2-31535365,LOC_Os02g51500,270,205,242,256,247,248,285,283,321,102,125,149
Chr2-31535306,LOC_Os02g51500,51,57,55,63,60,53,107,110,113,37,17,39
Chr2+32961389,LOC_Os02g53810,5,9,6,4,1,3,4,7,2,11,12,8
Chr2+32961350,LOC_Os02g53810,10,14,13,6,1,2,13,13,13,36,39,35
Chr2+33727675,LOC_Os02g55060,650,550,592,838,853,807,334,315,322,162,159,178
Chr2+33727915,LOC_Os02g55060,3,0,2,1,1,1,0,0,2,0,0,0
Chr2+33728174,LOC_Os02g55060,0,2,0,2,2,2,0,0,0,1,0,2
Chr2+33733905,LOC_Os02g55070,0,1,0,4,2,2,0,0,0,2,6,13
Chr2+33733819,LOC_Os02g55070,0,0,0,8,1,4,0,0,0,9,3,6
Chr2+33729982,LOC_Os02g55070,0,1,0,0,0,0,1,0,1,0,0,0
Chr2-34915930,LOC_Os02g56980,14,7,21,27,16,24,19,19,15,29,15,36
Chr2-34916000,LOC_Os02g56980,0,0,0,2,0,1,0,1,0,1,0,2
Chr2+35004795,LOC_Os02g57150,63,81,69,56,52,55,140,148,151,100,101,94
Chr2+35004132,LOC_Os02g57150,2,3,3,5,3,1,3,5,2,2,5,3
Chr2+35004918,LOC_Os02g57150,3,2,2,2,2,1,10,5,10,3,4,4
Chr2+35683362,LOC_Os02g58330,0,0,0,1,0,0,0,1,1,2,0,2
Chr2+35683539,LOC_Os02g58330,0,0,1,0,2,0,1,1,1,9,7,5
Chr2+35806327,LOC_Os02g58570,30,30,27,58,59,60,28,27,29,143,137,148
Chr2+35806783,LOC_Os02g58570,4,5,3,8,8,8,4,5,2,9,13,1
Chr3+263497,LOC_Os03g01350,2,7,4,2,2,2,3,2,4,16,15,13
Chr3+264263,LOC_Os03g01350,53,52,51,35,25,30,33,33,36,23,18,23
Chr3+263679,LOC_Os03g01350,1,0,0,2,1,0,0,0,0,0,0,1
Chr3+268702,LOC_Os03g01360,0,0,0,0,0,0,0,0,0,0,0,0
Chr3+272500,LOC_Os03g01360,1,0,4,4,3,4,1,0,0,0,0,1
Chr3+277286,LOC_Os03g01360,1,1,1,1,3,2,0,1,1,0,2,0
Chr3+272747,LOC_Os03g01360,11,5,3,6,15,7,4,3,4,0,2,0
Chr3+274944,LOC_Os03g01360,0,0,0,1,0,0,1,1,0,0,0,0
Chr3+274763,LOC_Os03g01360,48,43,37,54,54,58,22,26,29,9,9,10
Chr3+274995,LOC_Os03g01360,0,0,0,0,1,0,0,0,0,0,0,0
Chr3+270943,LOC_Os03g01360,0,0,0,1,2,1,0,0,0,1,1,1
Chr3+272581,LOC_Os03g01360,16,29,24,43,38,51,13,20,13,7,5,10
Chr3-356966,LOC_Os03g01570,0,0,0,0,0,0,0,0,0,0,0,0
Chr3-356870,LOC_Os03g01570,86,79,77,90,95,94,34,34,35,44,44,47
Chr3-560631,LOC_Os03g01910,0,0,0,0,0,0,1,1,1,0,0,0
Chr3-560194,LOC_Os03g01910,0,3,1,0,1,0,7,7,5,1,1,0
Chr3-560399,LOC_Os03g01910,649,592,636,403,413,421,744,686,815,200,201,198
Chr3+909800,LOC_Os03g02480,0,0,0,0,0,0,0,0,0,0,0,0
Chr3+909945,LOC_Os03g02480,12,25,21,20,21,23,53,34,43,26,24,34
Chr3-1499663,LOC_Os03g03470,67,73,62,12,11,10,2,1,0,2,3,1
Chr3-1500269,LOC_Os03g03470,5,5,8,0,0,0,1,0,0,1,0,1
Chr3-1499971,LOC_Os03g03470,71,66,68,0,0,1,2,2,2,2,0,2
Chr3-1720577,LOC_Os03g03830,0,0,0,0,0,0,0,0,0,0,0,0
Chr3-1720157,LOC_Os03g03830,137,134,127,146,135,152,170,169,104,89,83,92
Chr3+1833036,LOC_Os03g04020,195,164,170,1218,1064,1064,107,95,87,80,98,76
Chr3+1833109,LOC_Os03g04020,6,0,0,6,7,6,2,1,0,3,1,3
Chr3+1833465,LOC_Os03g04020,0,0,0,2,1,1,0,0,0,0,0,0
Chr3-1948391,LOC_Os03g04240,8,16,14,0,0,0,4,4,6,0,1,0
Chr3-1948315,LOC_Os03g04240,54,47,66,0,0,0,73,52,46,1,6,0
Chr3+2101873,LOC_Os03g04500,0,0,0,2,1,1,1,1,1,5,5,5
Chr3+2102000,LOC_Os03g04500,4,12,5,2,9,4,8,8,8,54,69,52
Chr3+2875165,LOC_Os03g05760,0,0,1,1,0,3,1,0,0,0,2,0
Chr3+2875336,LOC_Os03g05760,29,26,24,14,24,35,22,15,21,58,46,65
Chr3+2871223,LOC_Os03g05760,0,0,1,0,0,0,0,0,0,0,1,0
Chr3+2871081,LOC_Os03g05760,1,0,0,4,0,2,0,0,0,2,1,2
Chr3+3189514,LOC_Os03g06370,0,2,2,1,0,1,1,1,2,6,5,1
Chr3+3188701,LOC_Os03g06370,2,0,0,0,0,0,2,2,2,3,2,3
Chr3+3189326,LOC_Os03g06370,1,1,1,7,11,5,4,0,2,4,3,9
Chr3-3931613,LOC_Os03g07739,0,1,0,5,5,5,0,2,0,1,3,5
Chr3-3931348,LOC_Os03g07739,27,24,26,19,23,37,23,20,24,20,20,17
Chr3-3931235,LOC_Os03g07739,4,1,5,3,0,2,6,5,0,3,3,1
Chr3+3983476,LOC_Os03g07820,5,2,5,0,0,0,0,1,4,1,0,1
Chr3+3983550,LOC_Os03g07820,18,16,8,5,2,3,18,18,19,4,17,7
Chr3+3983387,LOC_Os03g07820,1,0,0,0,1,1,1,1,2,0,0,0
Chr3-4946381,LOC_Os03g09930,43,42,47,67,70,63,6,7,8,17,15,27
Chr3-4952855,LOC_Os03g09930,0,0,0,4,4,4,0,1,0,14,9,5
Chr3-4953231,LOC_Os03g09930,9,6,4,43,45,51,6,4,7,66,59,65
Chr3-5297912,LOC_Os03g10400,0,0,0,0,0,0,1,0,0,0,0,0
Chr3-5298414,LOC_Os03g10400,0,0,0,0,0,0,0,0,0,1,1,0
Chr3-5297295,LOC_Os03g10400,27,25,21,77,47,36,26,28,32,41,33,43
Chr3-5297655,LOC_Os03g10400,13,15,20,12,17,18,25,16,22,6,9,11
Chr3-5298441,LOC_Os03g10400,2,0,2,4,5,7,6,3,13,3,3,2
Chr3-5348422,LOC_Os03g10510,406,413,437,217,200,269,838,813,818,638,598,595
Chr3-5348097,LOC_Os03g10510,0,0,0,0,0,0,1,0,0,0,0,0
Chr3-5779675,LOC_Os03g11240,1,1,1,1,1,1,1,2,0,6,5,5
Chr3-5779638,LOC_Os03g11240,61,66,59,38,49,58,14,32,45,93,74,77
Chr3-7103254,LOC_Os03g13170,1,1,0,1,0,0,0,0,0,0,0,0
Chr3-7103455,LOC_Os03g13170,1,0,1,1,1,2,3,4,3,0,4,0
Chr3-7102176,LOC_Os03g13170,1102,1124,1206,1226,1184,1271,1664,1467,1818,281,293,293
Chr3-7101925,LOC_Os03g13170,0,0,0,2,1,4,1,4,0,0,2,2
Chr3-7103812,LOC_Os03g13170,0,0,0,0,0,0,0,0,0,0,0,0
Chr3-7102010,LOC_Os03g13170,10,15,4,3,4,7,6,5,9,0,1,0
Chr3-7102946,LOC_Os03g13170,7,2,6,1,1,3,3,7,5,2,2,4
Chr3-7102730,LOC_Os03g13170,0,0,0,2,4,0,2,0,2,2,0,0
Chr3+7231671,LOC_Os03g13390,3,4,1,14,13,13,120,109,119,6,6,5
Chr3+7231779,LOC_Os03g13390,1,1,0,0,1,1,15,17,11,2,0,0
Chr3+7231507,LOC_Os03g13390,24,26,34,173,159,209,286,258,345,23,23,22
Chr3+7675319,LOC_Os03g14120,4,3,3,0,1,0,2,1,1,2,3,0
Chr3+7675543,LOC_Os03g14120,28,24,25,8,4,3,6,7,7,14,24,20
Chr3+7675886,LOC_Os03g14120,43,38,47,11,12,15,24,18,31,143,113,113
Chr3+7676702,LOC_Os03g14120,0,0,0,0,0,0,1,0,0,0,0,1
Chr3-7847873,LOC_Os03g14450,3,1,2,1,2,3,9,9,9,52,43,38
Chr3-7847996,LOC_Os03g14450,353,348,336,206,205,224,876,1077,1002,1312,1537,1423
Chr3-8547193,LOC_Os03g15540,2,0,1,0,1,0,1,0,1,1,1,2
Chr3-8546870,LOC_Os03g15540,0,0,0,0,0,0,0,0,0,0,0,0
Chr3-8546947,LOC_Os03g15540,68,74,60,75,81,98,113,135,143,67,58,64
Chr3-8581457,LOC_Os03g15580,22,21,21,15,19,17,16,17,16,20,30,36
Chr3-8581591,LOC_Os03g15580,5,0,8,4,3,4,5,2,3,3,10,6
Chr3+9016497,LOC_Os03g16334,89,92,90,23,25,23,40,41,40,174,274,405
Chr3+9016764,LOC_Os03g16334,0,0,0,0,0,0,0,0,0,4,3,3
Chr3+9014396,LOC_Os03g16334,1,1,0,1,2,3,0,1,0,2,2,3
Chr3+9252238,LOC_Os03g16700,41,46,44,48,49,51,27,25,27,88,60,73
Chr3+9249735,LOC_Os03g16700,0,0,1,1,1,1,0,1,0,1,1,0
Chr3+9252587,LOC_Os03g16700,164,175,166,119,118,116,107,128,128,273,317,240
Chr3+9247927,LOC_Os03g16700,0,0,0,0,0,0,0,1,0,0,0,0
Chr3-10123820,LOC_Os03g18130,0,0,0,0,0,1,0,0,0,2,1,3
Chr3-10120288,LOC_Os03g18130,94,100,125,319,294,287,54,42,48,266,90,204
Chr3-10196515,LOC_Os03g18190,2,1,2,1,0,1,2,2,2,2,2,1
Chr3-10191681,LOC_Os03g18190,1,0,0,0,0,1,4,2,4,2,1,2
Chr3-10478483,LOC_Os03g18720,91,90,99,231,234,248,142,139,146,58,47,38
Chr3-10480975,LOC_Os03g18720,0,0,0,0,0,0,1,1,1,0,0,1
Chr3-10478135,LOC_Os03g18720,1,3,1,4,6,5,4,4,4,3,4,4
Chr3-10478323,LOC_Os03g18720,11,10,10,17,14,16,12,12,15,4,4,8
Chr3-11007598,LOC_Os03g19580,61,80,64,115,134,146,158,167,162,149,111,112
Chr3-11007785,LOC_Os03g19580,0,0,0,0,1,0,0,0,0,2,4,4
Chr3+11272950,LOC_Os03g20010,87,74,96,61,72,66,39,39,36,22,14,24
Chr3+11273211,LOC_Os03g20010,3,11,1,4,2,8,2,1,4,3,2,4
Chr3-12358932,LOC_Os03g21650,0,0,0,0,0,0,0,0,0,0,0,0
Chr3-12359111,LOC_Os03g21650,0,0,0,0,0,0,0,0,0,0,0,1
Chr3+12494791,LOC_Os03g21850,6,7,7,3,3,0,6,7,6,12,3,1
Chr3+12493764,LOC_Os03g21850,0,0,0,0,0,0,0,0,0,0,0,0
Chr3+12495617,LOC_Os03g21850,0,0,0,0,0,0,0,0,0,0,0,1
Chr3+12500195,LOC_Os03g21850,1,2,3,1,1,1,0,0,0,4,6,4
Chr3+12500011,LOC_Os03g21850,36,38,41,31,39,20,3,2,2,88,64,83
Chr3-12823606,LOC_Os03g22400,9,7,11,3,0,1,7,7,6,2,2,2
Chr3-12823981,LOC_Os03g22400,45,33,33,40,54,50,38,30,35,83,64,73
Chr3-12823726,LOC_Os03g22400,13,6,10,8,10,6,11,9,11,7,3,4
Chr3-13122593,LOC_Os03g22720,41,22,38,32,50,44,36,38,44,69,68,68
Chr3-13122744,LOC_Os03g22720,1,1,1,2,2,2,3,2,1,7,7,11
Chr3-15967318,LOC_Os03g27830,1,5,6,1,1,2,1,1,0,7,5,5
Chr3-15969754,LOC_Os03g27830,4,5,1,0,0,0,1,1,2,0,1,0
Chr3-15967901,LOC_Os03g27830,6,6,6,19,19,21,1,0,5,19,22,20
Chr3-15967045,LOC_Os03g27830,0,0,0,0,0,0,0,0,0,1,1,1
Chr3-15968050,LOC_Os03g27830,3,2,1,7,8,8,2,3,3,26,26,33
Chr3-15966789,LOC_Os03g27830,0,1,1,0,0,1,0,1,0,2,1,4
Chr3+16632280,LOC_Os03g29240,0,0,0,0,0,0,0,0,0,0,1,0
Chr3+16631923,LOC_Os03g29240,164,120,134,228,228,240,373,368,356,150,144,168
Chr3-17265532,LOC_Os03g30260,0,0,0,0,0,0,0,0,0,0,0,0
Chr3-17262563,LOC_Os03g30260,0,3,1,0,0,0,0,1,2,3,3,1
Chr3-17262487,LOC_Os03g30260,0,4,1,0,0,0,4,7,5,9,5,9
Chr3-19518896,LOC_Os03g34300,142,156,148,147,163,184,114,131,92,156,136,151
Chr3-19519047,LOC_Os03g34300,4,0,6,3,0,2,1,0,2,4,4,4
Chr3-21002655,LOC_Os03g37840,4,5,10,7,13,11,6,5,6,0,0,0
Chr3-21003023,LOC_Os03g37840,3,1,0,5,5,5,3,3,0,0,0,0
Chr3-21002883,LOC_Os03g37840,15,7,10,25,26,32,8,6,7,0,0,0
Chr3-22168103,LOC_Os03g39860,1,3,2,3,8,3,0,0,0,1,0,1
Chr3-22167896,LOC_Os03g39860,1,1,3,2,2,1,0,0,0,0,0,0
Chr3-22164643,LOC_Os03g39860,122,118,125,82,91,81,64,56,69,66,63,64
Chr3-22167574,LOC_Os03g39860,3,0,0,6,5,3,0,3,0,0,0,1
Chr3-22169781,LOC_Os03g39860,0,0,0,0,0,0,0,0,0,0,0,0
Chr3+22377852,LOC_Os03g40260,0,0,0,0,0,0,0,0,0,0,0,0
Chr3+22380017,LOC_Os03g40260,0,0,0,0,0,0,0,0,0,0,0,0
Chr3+22377915,LOC_Os03g40260,0,0,0,0,0,0,0,0,0,0,0,0
Chr3+22380147,LOC_Os03g40260,19,29,54,11,7,20,31,32,31,34,36,18
Chr3-24049423,LOC_Os03g43114,0,0,0,0,1,1,1,0,1,0,0,0
Chr3-24052867,LOC_Os03g43114,2,7,12,7,8,6,1,1,1,0,0,0
Chr3-24052315,LOC_Os03g43114,7,8,8,6,6,11,0,0,0,0,0,0
Chr3-24053082,LOC_Os03g43114,2,3,0,1,0,2,0,0,1,0,0,1
Chr3+26439236,LOC_Os03g46710,45,50,37,40,44,53,34,32,49,35,32,39
Chr3+26439085,LOC_Os03g46710,12,5,22,15,15,15,11,12,15,10,12,16
Chr3+27123759,LOC_Os03g47780,55,59,52,34,28,41,42,57,24,40,45,38
Chr3+27120063,LOC_Os03g47780,0,1,0,0,0,0,0,0,0,0,0,0
Chr3+27256555,LOC_Os03g47940,139,116,155,0,0,0,3,2,1,150,143,155
Chr3+27252695,LOC_Os03g47940,1,2,3,0,0,0,0,0,1,1,1,1
Chr3-27300750,LOC_Os03g48030,10,10,9,5,2,4,0,0,0,0,0,0
Chr3-27300866,LOC_Os03g48030,13,33,43,18,26,31,4,2,2,0,0,0
Chr3-27300940,LOC_Os03g48030,0,1,0,1,1,1,0,0,0,0,0,0
Chr3-27300989,LOC_Os03g48030,1,0,2,7,3,0,0,0,0,0,0,0
Chr3+27825665,LOC_Os03g48840,28,41,42,34,26,25,40,42,42,53,71,68
Chr3+27823905,LOC_Os03g48840,0,0,0,0,0,0,0,0,0,0,0,0
Chr3-30062335,LOC_Os03g52340,42,44,43,35,56,42,40,48,47,55,61,18
Chr3-30062223,LOC_Os03g52340,2,0,5,0,0,0,0,1,0,1,0,0
Chr3-32360717,LOC_Os03g56790,466,478,487,1074,1015,1013,688,794,717,400,390,552
Chr3-32361758,LOC_Os03g56790,0,0,0,0,0,0,0,0,0,0,0,0
Chr3-32363116,LOC_Os03g56790,0,0,0,0,0,0,0,0,0,0,0,0
Chr3-32363706,LOC_Os03g56790,0,0,0,0,0,0,1,2,1,1,0,0
Chr3+32378357,LOC_Os03g56820,70,71,57,1,1,0,56,98,61,144,155,163
Chr3+32378673,LOC_Os03g56820,17,22,13,0,0,0,47,47,47,21,20,24
Chr3-32570108,LOC_Os03g57130,0,2,1,9,4,2,3,2,3,1,0,0
Chr3-32570066,LOC_Os03g57130,41,48,49,124,112,136,92,107,95,25,26,26
Chr3+33035379,LOC_Os03g58010,7,5,4,20,8,12,5,5,4,1,1,0
Chr3+33035627,LOC_Os03g58010,1,1,1,6,12,5,2,2,1,0,0,0
Chr3+33187191,LOC_Os03g58240,65,69,56,37,22,38,95,92,91,99,90,73
Chr3+33183983,LOC_Os03g58240,1,0,0,0,0,0,1,1,1,0,0,0
Chr3-33190872,LOC_Os03g58250,7,3,6,6,0,2,1,1,1,2,0,4
Chr3-33187380,LOC_Os03g58250,22,15,39,31,29,33,29,27,28,34,22,43
Chr3-33539234,LOC_Os03g58910,0,0,0,0,0,0,0,0,0,0,0,0
Chr3-33530087,LOC_Os03g58910,20,15,25,35,33,40,19,19,19,16,16,12
Chr3-33530530,LOC_Os03g58910,0,0,0,0,0,0,0,0,0,0,0,0
Chr3-33530257,LOC_Os03g58910,0,0,0,0,0,0,0,0,0,0,0,0
Chr3-33530461,LOC_Os03g58910,0,0,0,0,0,0,0,0,0,0,0,0
Chr3+33713385,LOC_Os03g59200,32,34,29,0,5,1,25,22,26,3,2,5
Chr3+33713543,LOC_Os03g59200,17,21,15,0,0,1,11,10,13,5,4,3
Chr3+33713681,LOC_Os03g59200,6,4,4,0,0,0,6,6,5,3,0,4
Chr3+33734975,LOC_Os03g59240,110,126,111,7,4,7,44,38,40,10,21,17
Chr3+33735183,LOC_Os03g59240,15,15,17,1,0,1,4,4,8,2,0,1
Chr3+33734791,LOC_Os03g59240,2,3,4,0,0,0,1,0,1,0,0,0
Chr3-34820693,LOC_Os03g61340,104,110,105,193,225,209,163,175,146,77,62,77
Chr3-34820824,LOC_Os03g61340,5,7,9,22,17,22,6,8,12,10,12,6
Chr3-35447854,LOC_Os03g62640,0,0,0,1,1,1,1,1,0,0,0,0
Chr3-35446445,LOC_Os03g62640,50,57,98,101,126,116,45,33,56,83,56,64
Chr3-35447557,LOC_Os03g62640,0,0,0,0,0,0,0,0,0,0,1,0
Chr3-35447302,LOC_Os03g62640,0,0,0,2,0,1,1,2,0,0,0,2
Chr3-35664360,LOC_Os03g63074,8,7,5,7,9,10,9,7,6,112,75,77
Chr3-35659856,LOC_Os03g63074,19,19,18,5,7,7,2,0,1,5,2,4
Chr3-35660476,LOC_Os03g63074,1,4,2,0,0,0,0,0,0,0,0,0
Chr3-35665518,LOC_Os03g63074,0,0,0,0,0,0,0,0,0,0,0,0
Chr3+36175491,LOC_Os03g64010,8,7,14,8,9,9,6,3,5,14,13,13
Chr3+36175371,LOC_Os03g64010,74,58,51,163,170,136,33,13,23,46,27,42
Chr3+36175655,LOC_Os03g64010,0,0,0,0,0,0,0,0,0,1,0,0
Chr3-36265888,LOC_Os03g64190,1,1,1,1,0,1,2,0,0,1,2,1
Chr3-36265551,LOC_Os03g64190,73,70,64,56,68,64,87,84,75,44,55,69
Chr3-36265422,LOC_Os03g64190,1,0,1,0,0,1,1,2,0,2,1,1
Chr4-227055,LOC_Os04g01300,34,51,51,18,29,17,45,44,46,5,10,15
Chr4-226904,LOC_Os04g01300,858,857,835,285,272,262,745,751,767,94,66,110
Chr4-4446093,LOC_Os04g08330,7,2,1,1,4,2,5,0,9,11,10,10
Chr4-4446276,LOC_Os04g08330,15,13,30,21,16,17,34,27,37,37,42,36
Chr4-4446462,LOC_Os04g08330,19,14,11,19,17,22,23,24,23,23,20,18
Chr4+4455326,LOC_Os04g08340,5,1,0,4,4,3,12,1,0,8,4,7
Chr4+4455129,LOC_Os04g08340,0,2,1,3,4,0,0,0,0,1,1,0
Chr4+4455602,LOC_Os04g08340,0,3,0,3,0,2,0,3,3,2,1,2
Chr4+4455445,LOC_Os04g08340,1,1,1,7,8,8,10,4,8,4,2,4
Chr4-8310605,LOC_Os04g14790,2,0,2,0,0,0,0,2,0,0,2,1
Chr4-8307366,LOC_Os04g14790,38,23,50,95,85,88,61,48,84,148,111,123
Chr4-13821867,LOC_Os04g24170,2,3,0,0,0,2,0,0,0,0,1,0
Chr4-13821597,LOC_Os04g24170,3,3,5,5,9,10,0,1,1,4,4,4
Chr4-13822060,LOC_Os04g24170,0,0,0,1,0,1,0,0,0,0,0,1
Chr4-13821797,LOC_Os04g24170,35,49,61,157,163,168,29,30,29,43,45,39
Chr4-16645532,LOC_Os04g28180,8,9,10,5,7,7,24,26,26,9,9,8
Chr4-16645840,LOC_Os04g28180,1453,1498,1430,2364,2316,2309,2518,2476,2548,658,625,636
Chr4-16645602,LOC_Os04g28180,1,2,1,2,1,2,6,3,10,2,1,2
Chr4+19411544,LOC_Os04g32370,18,19,18,14,13,23,24,19,21,9,18,13
Chr4+19418448,LOC_Os04g32370,4,13,4,19,20,23,9,5,7,71,66,62
Chr4+19418720,LOC_Os04g32370,27,21,24,45,35,42,31,35,31,122,118,94
Chr4+19677678,LOC_Os04g32650,1,1,1,0,0,0,0,0,2,0,0,0
Chr4+19682169,LOC_Os04g32650,28,36,37,36,36,27,32,24,34,2,2,0
Chr4+19682000,LOC_Os04g32650,159,160,160,153,154,159,88,91,83,18,18,25
Chr4+19693301,LOC_Os04g32670,69,79,61,170,197,160,97,91,92,51,42,58
Chr4+19694653,LOC_Os04g32670,1,1,1,0,1,1,4,6,3,1,1,1
Chr4-20046676,LOC_Os04g33110,0,0,0,1,0,0,0,0,0,0,0,0
Chr4-20045934,LOC_Os04g33110,1558,1321,1568,4122,4254,3997,983,1146,981,417,389,424
Chr4-20124695,LOC_Os04g33280,29,16,20,56,48,55,11,2,27,14,13,15
Chr4-20124949,LOC_Os04g33280,0,0,1,5,0,6,0,0,0,0,1,1
Chr4-20125077,LOC_Os04g33280,80,70,83,84,94,98,19,21,22,67,50,67
Chr4+20872624,LOC_Os04g34450,0,0,0,0,0,0,1,2,2,0,0,1
Chr4+20872284,LOC_Os04g34450,138,124,138,89,91,71,128,112,128,202,236,207
Chr4+20865574,LOC_Os04g34450,0,1,1,0,0,0,0,0,0,2,1,1
Chr4+21268294,LOC_Os04g34984,0,4,3,1,0,1,2,2,0,8,12,9
Chr4+21268742,LOC_Os04g34984,1,0,0,0,0,0,0,0,0,0,0,0
Chr4+21265387,LOC_Os04g34984,0,0,0,1,1,1,0,0,0,0,0,0
Chr4+21267966,LOC_Os04g34984,1,0,0,0,0,0,1,1,1,0,0,1
Chr4+21268220,LOC_Os04g34984,31,49,45,60,54,54,34,31,37,48,47,61
Chr4-21461913,LOC_Os04g35290,4,1,1,3,2,3,2,1,1,1,1,2
Chr4-21462280,LOC_Os04g35290,0,0,1,2,2,2,0,0,2,1,2,0
Chr4-21462068,LOC_Os04g35290,75,74,84,137,98,119,123,111,129,15,36,38
Chr4+21847904,LOC_Os04g35840,26,23,11,13,11,12,13,8,11,4,10,10
Chr4+21848067,LOC_Os04g35840,175,172,183,203,208,195,92,75,88,87,92,85
Chr4-22837568,LOC_Os04g38410,0,0,0,0,0,0,0,3,0,0,0,3
Chr4-22835915,LOC_Os04g38410,33448,33726,33788,1677,1798,2019,419,404,393,564,643,533
Chr4-23182531,LOC_Os04g39030,13,3,2,1,0,1,1,1,1,3,6,3
Chr4-23178432,LOC_Os04g39030,0,0,0,0,0,0,1,2,1,63,64,67
Chr4+24375527,LOC_Os04g41100,2,0,2,1,1,1,0,0,0,1,2,2
Chr4+24377215,LOC_Os04g41100,3,2,1,0,0,1,1,1,1,0,0,0
Chr4+24375624,LOC_Os04g41100,0,0,0,0,0,0,0,1,2,0,0,0
Chr4+24376982,LOC_Os04g41100,0,11,7,9,5,11,0,2,2,2,2,4
Chr4+24375892,LOC_Os04g41100,3,0,1,1,1,0,1,0,0,0,2,1
Chr4+24378221,LOC_Os04g41100,12,12,11,19,9,9,6,8,10,10,9,5
Chr4+24378067,LOC_Os04g41100,5,2,5,0,2,3,0,0,0,3,2,1
Chr4+24376899,LOC_Os04g41100,21,16,10,22,17,24,5,5,5,14,4,11
Chr4+24375297,LOC_Os04g41100,69,46,45,130,137,120,36,35,43,66,67,79
Chr4+24376800,LOC_Os04g41100,0,0,2,0,6,0,3,1,0,2,0,6
Chr4+24377050,LOC_Os04g41100,0,3,0,0,0,1,0,0,0,0,0,0
Chr4+24378165,LOC_Os04g41100,3,3,4,1,4,5,0,0,0,0,1,1
Chr4+24375988,LOC_Os04g41100,1,1,1,0,0,0,1,1,1,0,0,0
Chr4+24377632,LOC_Os04g41100,7,9,5,13,14,3,5,9,7,7,10,9
Chr4+24468762,LOC_Os04g41229,52,72,64,7,8,19,58,59,59,0,0,0
Chr4+24462034,LOC_Os04g41229,1,2,1,0,0,0,8,1,2,0,0,0
Chr4+24505398,LOC_Os04g41280,3,3,3,0,1,0,8,4,10,29,27,33
Chr4+24503052,LOC_Os04g41280,8,4,3,10,17,11,4,3,3,6,5,5
Chr4+24515245,LOC_Os04g41310,20,12,12,74,66,62,7,12,6,0,0,0
Chr4+24515684,LOC_Os04g41310,0,0,0,10,10,7,0,0,0,0,0,0
Chr4+24515551,LOC_Os04g41310,1,0,0,10,11,7,0,0,0,0,0,0
Chr4+24515494,LOC_Os04g41310,42,2,15,150,142,149,6,3,10,0,0,0
Chr4+24515364,LOC_Os04g41310,10,9,12,71,92,79,7,8,0,0,0,1
Chr4+25548760,LOC_Os04g43150,27,29,18,17,19,18,26,29,34,98,63,56
Chr4+25548907,LOC_Os04g43150,45,42,39,35,35,48,38,40,39,67,52,59
Chr4+25548632,LOC_Os04g43150,0,0,0,0,0,0,0,0,0,5,3,2
Chr4-26023984,LOC_Os04g43916,129,86,11,39,37,46,74,89,91,23,23,24
Chr4-26024059,LOC_Os04g43916,5,4,7,3,0,3,6,9,8,1,0,0
Chr4+26494070,LOC_Os04g44710,2,15,11,4,4,5,13,9,13,32,26,26
Chr4+26494603,LOC_Os04g44710,0,2,2,1,3,0,1,0,0,1,1,1
Chr4+26494227,LOC_Os04g44710,7,10,8,1,1,1,6,3,6,17,6,17
Chr4-27260359,LOC_Os04g46020,84,99,76,82,74,64,76,76,76,89,103,119
Chr4-27260424,LOC_Os04g46020,6,9,9,2,2,4,0,8,2,7,7,2
Chr4-27260178,LOC_Os04g46020,14,8,10,8,7,11,5,15,23,11,12,9
Chr4+28081226,LOC_Os04g47290,10,10,10,7,17,18,3,6,1,5,7,7
Chr4+28080026,LOC_Os04g47290,0,4,3,0,1,0,0,1,1,0,0,2
Chr4+28079833,LOC_Os04g47290,1,1,0,0,0,2,1,1,1,1,0,2
Chr4+28079988,LOC_Os04g47290,5,1,7,0,0,0,1,2,1,1,3,2
Chr4+28081326,LOC_Os04g47290,1,2,1,2,1,0,0,0,1,0,1,2
Chr4+30018691,LOC_Os04g50740,2,2,2,0,0,0,0,1,1,0,1,0
Chr4+30021075,LOC_Os04g50740,0,0,0,0,0,0,0,0,0,0,3,2
Chr4+30018590,LOC_Os04g50740,0,0,0,0,0,0,0,0,0,0,1,0
Chr4+30020951,LOC_Os04g50740,0,0,0,0,0,0,0,0,0,0,0,0
Chr4+30017597,LOC_Os04g50740,0,0,0,0,0,0,0,0,0,0,0,0
Chr4+30017765,LOC_Os04g50740,0,0,0,0,0,0,0,0,0,0,0,1
Chr4-30198541,LOC_Os04g51009,0,0,0,0,0,0,0,0,0,0,0,0
Chr4-30195970,LOC_Os04g51009,3,3,3,5,5,5,1,4,0,3,3,2
Chr4+30431433,LOC_Os04g51380,0,0,0,0,1,1,0,0,2,1,0,0
Chr4+30431682,LOC_Os04g51380,13,27,25,30,25,29,34,42,31,14,22,14
Chr4-30510410,LOC_Os04g51500,12,6,7,7,4,14,5,4,6,9,8,11
Chr4-30511131,LOC_Os04g51500,3,4,0,0,0,0,0,0,0,0,3,1
Chr4-30510977,LOC_Os04g51500,24,26,31,25,22,23,20,20,24,11,14,12
Chr4-30511643,LOC_Os04g51500,0,0,0,0,0,0,0,0,0,0,0,0
Chr4-30888315,LOC_Os04g52020,0,0,0,0,0,0,0,0,0,0,0,0
Chr4-30888160,LOC_Os04g52020,21,21,23,22,19,22,12,11,16,18,40,51
Chr4-30901964,LOC_Os04g52020,0,0,0,2,2,2,4,1,4,1,4,4
Chr4-32339713,LOC_Os04g54330,125,131,108,201,194,213,176,174,186,126,101,115
Chr4-32341122,LOC_Os04g54330,15,14,12,6,8,6,31,25,27,35,28,32
Chr4-32341286,LOC_Os04g54330,4,0,0,2,3,2,8,16,3,9,7,4
Chr4-32340906,LOC_Os04g54330,4,2,2,1,0,1,0,11,10,2,3,1
Chr4-32340699,LOC_Os04g54330,0,0,0,0,0,0,2,1,1,0,0,1
Chr4+32365038,LOC_Os04g54390,32,37,36,4,0,7,30,30,33,3,0,0
Chr4+32364856,LOC_Os04g54390,2,0,4,0,0,0,6,7,4,1,1,0
Chr4+32481960,LOC_Os04g54630,10,10,14,19,19,19,2,2,5,8,9,9
Chr4+32482344,LOC_Os04g54630,88,76,85,313,244,301,4,7,5,81,59,49
Chr4-32955890,LOC_Os04g55410,31,62,62,62,65,64,76,90,74,33,36,37
Chr4-32955709,LOC_Os04g55410,26,16,23,38,37,35,27,24,33,17,16,18
Chr4-32955999,LOC_Os04g55410,56,60,57,72,64,74,110,115,117,20,48,32
Chr4-32959349,LOC_Os04g55410,0,0,0,1,1,0,1,1,1,1,3,0
Chr4-33604477,LOC_Os04g56370,0,0,0,0,0,0,1,1,1,0,6,0
Chr4-33604414,LOC_Os04g56370,31,32,33,6,5,6,2,1,3,0,1,3
Chr4-34088194,LOC_Os04g57220,890,937,910,6866,6425,6868,832,833,854,1545,1659,1486
Chr4-34087823,LOC_Os04g57220,176,240,267,704,678,713,154,177,163,309,296,288
Chr4+34094547,LOC_Os04g57230,4,1,0,2,1,0,0,4,0,0,0,1
Chr4+34095241,LOC_Os04g57230,5,0,1,0,1,0,1,1,1,7,7,4
Chr4+34095364,LOC_Os04g57230,10,12,11,18,14,6,7,9,8,12,11,11
Chr4-35104853,LOC_Os04g59010,0,0,0,0,0,0,0,0,0,0,1,0
Chr4-35105039,LOC_Os04g59010,0,1,0,0,2,1,0,0,0,0,0,0
Chr4-35105259,LOC_Os04g59010,76,68,53,46,48,45,99,102,88,50,61,49
Chr4+35380940,LOC_Os04g59494,1,0,1,0,0,0,1,1,1,1,2,1
Chr4+35382163,LOC_Os04g59494,1491,1464,1505,110,99,81,69,73,70,27,22,20
Chr4+35381104,LOC_Os04g59494,0,0,0,1,1,1,0,0,0,2,0,3
Chr4+35381191,LOC_Os04g59494,79,56,67,57,57,53,162,91,132,45,72,25
Chr5-152021,LOC_Os05g01210,0,0,0,0,0,0,0,0,0,0,0,0
Chr5-150149,LOC_Os05g01210,0,0,0,0,0,0,0,0,0,0,0,0
Chr5-150331,LOC_Os05g01210,1,0,0,0,0,0,0,0,0,0,0,0
Chr5-149984,LOC_Os05g01210,38,37,41,54,60,42,23,25,23,69,70,77
Chr5-149814,LOC_Os05g01210,3,0,0,1,0,0,0,2,1,6,2,6
Chr5+256928,LOC_Os05g01444,1,2,4,0,0,0,0,0,0,2,2,0
Chr5+258397,LOC_Os05g01444,2,4,2,0,0,1,1,1,2,1,0,1
Chr5+256962,LOC_Os05g01444,2,2,3,1,1,1,3,0,1,1,2,1
Chr5+297254,LOC_Os05g01500,0,0,0,0,0,0,0,0,0,0,0,0
Chr5+297106,LOC_Os05g01500,36,38,37,13,13,12,33,32,33,16,18,19
Chr5-2378523,LOC_Os05g04940,8,9,2,28,31,20,14,18,12,4,6,11
Chr5-2378752,LOC_Os05g04940,0,1,0,0,5,2,6,4,5,6,9,9
Chr5-2705818,LOC_Os05g05440,8,14,19,6,6,2,12,10,10,57,59,43
Chr5-2704029,LOC_Os05g05440,0,0,0,0,1,1,1,0,1,0,0,2
Chr5-2703872,LOC_Os05g05440,0,0,0,0,0,0,0,0,0,7,12,7
Chr5-2703669,LOC_Os05g05440,41,40,43,105,87,87,28,42,24,337,335,299
Chr5-2703988,LOC_Os05g05440,0,0,0,0,0,0,0,1,0,0,0,0
Chr5-2716805,LOC_Os05g05460,10,10,10,2,2,1,7,2,8,0,0,0
Chr5-2716915,LOC_Os05g05460,0,0,0,0,0,0,0,0,0,0,0,0
Chr5-3011181,LOC_Os05g06014,0,0,0,0,0,0,0,0,0,0,0,0
Chr5-3010904,LOC_Os05g06014,0,0,0,0,0,0,0,0,0,0,0,0
Chr5-3009851,LOC_Os05g06014,0,0,0,0,0,0,1,3,2,0,0,0
Chr5-3010793,LOC_Os05g06014,0,1,0,2,1,1,0,0,0,0,0,0
Chr5-3011730,LOC_Os05g06014,0,0,0,0,0,0,0,0,0,1,0,1
Chr5-3011594,LOC_Os05g06014,0,0,0,0,0,0,0,0,0,0,0,0
Chr5-3008702,LOC_Os05g06014,24,27,23,42,28,26,78,81,53,89,94,103
Chr5-3009030,LOC_Os05g06014,1,0,0,0,0,0,0,0,0,0,1,0
Chr5-3011386,LOC_Os05g06014,0,0,0,0,0,0,0,0,0,0,0,0
Chr5-3245605,LOC_Os05g06340,12,11,13,6,8,5,6,8,4,2,2,2
Chr5-3245447,LOC_Os05g06340,105,121,120,136,122,133,98,56,100,22,23,20
Chr5+4105902,LOC_Os05g07640,24,20,37,12,10,13,27,29,28,22,13,13
Chr5+4105739,LOC_Os05g07640,62,49,56,54,56,46,129,98,123,92,97,91
Chr5+4408160,LOC_Os05g08090,0,2,2,18,16,11,2,0,1,10,5,8
Chr5+4407066,LOC_Os05g08090,15,28,16,31,33,32,21,28,15,34,19,27
Chr5+4560816,LOC_Os05g08360,0,0,0,0,0,0,0,0,0,0,0,0
Chr5+4562425,LOC_Os05g08360,100,102,70,70,61,76,454,520,484,106,128,121
Chr5+5444923,LOC_Os05g09630,41,42,39,58,54,64,35,30,27,86,91,64
Chr5+5445216,LOC_Os05g09630,3,3,6,7,5,2,1,2,6,5,4,3
Chr5+5444789,LOC_Os05g09630,0,0,0,0,0,0,0,0,0,0,1,1
Chr5+5750897,LOC_Os05g10570,0,0,0,2,2,2,0,0,1,0,0,1
Chr5+5750938,LOC_Os05g10570,4,4,4,4,1,1,1,1,2,1,2,0
Chr5+5751232,LOC_Os05g10570,2,0,2,3,4,3,0,0,0,3,1,5
Chr5+8039679,LOC_Os05g14300,2,3,2,0,2,0,1,1,1,4,6,10
Chr5+8039388,LOC_Os05g14300,30,28,38,63,63,63,32,31,28,164,149,130
Chr5+8445893,LOC_Os05g14860,0,1,0,0,0,0,0,0,0,0,0,0
Chr5+8441324,LOC_Os05g14860,0,0,0,0,0,0,1,2,0,2,1,1
Chr5+8445685,LOC_Os05g14860,186,172,165,246,237,228,123,132,114,184,171,134
Chr5+11318018,LOC_Os05g19470,0,0,0,0,0,0,0,0,0,0,0,0
Chr5+11319833,LOC_Os05g19470,3,5,3,6,8,8,4,4,4,28,36,35
Chr5+11319749,LOC_Os05g19470,0,0,0,2,0,2,0,0,2,1,2,0
Chr5+11316107,LOC_Os05g19470,2,3,0,3,6,9,4,1,4,14,2,11
Chr5+11318339,LOC_Os05g19470,1,0,0,5,4,6,0,0,1,3,4,5
Chr5+11319113,LOC_Os05g19470,3,0,3,2,1,2,0,3,4,0,4,0
Chr5+11318948,LOC_Os05g19470,4,0,0,0,1,0,1,3,0,11,11,12
Chr5-13610694,LOC_Os05g23720,832,740,810,515,454,406,720,753,753,589,581,550
Chr5-13610558,LOC_Os05g23720,13,7,15,7,6,15,13,14,13,5,5,5
Chr5-13613559,LOC_Os05g23720,1,1,0,0,0,0,0,0,0,0,0,0
Chr5+14773095,LOC_Os05g25400,13,14,15,7,9,7,2,0,1,2,2,1
Chr5+14772808,LOC_Os05g25400,29,45,32,2,1,11,1,2,1,3,6,0
Chr5+14772943,LOC_Os05g25400,14,22,15,5,5,8,1,1,0,3,0,3
Chr5-16421620,LOC_Os05g28090,21,17,23,2,3,2,0,0,0,0,1,0
Chr5-16421717,LOC_Os05g28090,17,14,8,11,11,2,0,0,0,1,1,0
Chr5-16421555,LOC_Os05g28090,24,35,15,5,5,7,0,1,1,0,0,0
Chr5-16503182,LOC_Os05g28190,95,122,95,191,150,185,130,106,103,89,98,87
Chr5-16502944,LOC_Os05g28190,150,165,178,119,134,135,196,189,194,141,150,129
Chr5+16691067,LOC_Os05g28500,217,205,209,182,231,142,75,56,70,86,102,110
Chr5+16691249,LOC_Os05g28500,3,4,5,4,3,5,1,0,0,2,3,2
Chr5-16704728,LOC_Os05g28520,38,25,27,0,0,0,2,2,2,0,0,0
Chr5-16702087,LOC_Os05g28520,106,119,108,5,3,4,19,22,22,13,28,22
Chr5+17548974,LOC_Os05g30280,0,1,1,1,0,0,0,1,1,1,1,1
Chr5+17552298,LOC_Os05g30280,1,2,0,8,2,11,8,6,6,0,1,0
Chr5+17551303,LOC_Os05g30280,3,3,0,0,0,0,0,1,1,0,0,0
Chr5+18470650,LOC_Os05g31720,16,3,2,1,0,1,0,0,1,170,154,167
Chr5+18468220,LOC_Os05g31720,1,0,0,1,1,1,1,1,1,0,0,0
Chr5-19327433,LOC_Os05g32970,162,156,165,297,250,302,174,169,171,178,213,199
Chr5-19327896,LOC_Os05g32970,3,6,12,4,6,6,6,7,4,4,4,4
Chr5-20263846,LOC_Os05g34230,40,33,35,63,49,64,12,16,11,44,39,38
Chr5-20263897,LOC_Os05g34230,0,0,2,0,0,0,0,0,1,1,0,1
Chr5-20264338,LOC_Os05g34230,1,0,0,1,0,1,1,0,0,0,1,2
Chr5-21214833,LOC_Os05g35740,178,175,194,749,753,749,204,192,148,186,215,236
Chr5-21216004,LOC_Os05g35740,0,0,0,0,0,0,1,1,1,0,1,0
Chr5-23080701,LOC_Os05g39350,1,13,5,0,2,0,19,17,7,0,0,1
Chr5-23081204,LOC_Os05g39350,25,35,37,6,4,4,29,34,25,1,0,1
Chr5-23080918,LOC_Os05g39350,75,73,70,11,7,19,69,64,53,4,4,2
Chr5+23646570,LOC_Os05g40260,4,9,2,2,1,3,1,1,0,1,1,0
Chr5+23646793,LOC_Os05g40260,5,4,8,1,1,0,0,1,1,0,0,0
Chr5+23646947,LOC_Os05g40260,3,1,4,0,0,1,0,0,4,0,0,0
Chr5+23646682,LOC_Os05g40260,185,129,139,26,38,41,20,16,16,4,8,10
Chr5-23903677,LOC_Os05g40770,0,0,0,0,0,0,0,0,0,0,0,0
Chr5-23903866,LOC_Os05g40770,0,1,1,0,0,0,0,0,0,0,0,0
Chr5-23899487,LOC_Os05g40770,28,0,11,14,13,13,39,31,46,22,21,26
Chr5+23997619,LOC_Os05g40910,1,2,3,10,12,11,3,0,1,5,4,5
Chr5+23997165,LOC_Os05g40910,19,7,12,29,15,23,3,3,1,8,8,8
Chr5-24154004,LOC_Os05g41240,0,1,0,8,7,7,0,0,1,2,2,0
Chr5-24153894,LOC_Os05g41240,4,1,10,3,7,7,2,2,2,5,3,16
Chr5-24158021,LOC_Os05g41240,0,0,0,1,0,0,1,1,0,2,1,1
Chr5-24154145,LOC_Os05g41240,47,46,60,128,95,85,49,49,48,38,33,31
Chr5+25003740,LOC_Os05g43060,5,6,8,5,7,7,2,2,4,34,28,25
Chr5+25015240,LOC_Os05g43060,0,0,0,0,0,0,0,0,0,1,0,0
Chr5+25014809,LOC_Os05g43060,129,106,107,207,302,284,111,103,122,184,177,165
Chr5+25003943,LOC_Os05g43060,2,3,0,0,0,0,0,0,0,0,1,1
Chr5+25955576,LOC_Os05g44610,2,12,7,1,1,0,1,3,2,18,11,23
Chr5+25955711,LOC_Os05g44610,8,5,14,1,1,1,7,7,7,18,11,14
Chr5+25955830,LOC_Os05g44610,0,1,1,0,0,1,1,1,2,0,5,7
Chr5-26237578,LOC_Os05g45210,177,154,127,30,33,27,179,150,176,74,71,75
Chr5-26238026,LOC_Os05g45210,0,0,0,0,0,0,1,0,3,0,0,0
Chr5+26560015,LOC_Os05g45840,24,27,25,29,61,55,64,68,70,14,15,12
Chr5+26559970,LOC_Os05g45840,4,0,0,4,2,2,5,4,5,0,0,0
Chr5+26559853,LOC_Os05g45840,0,0,0,0,1,1,2,2,3,0,0,0
Chr5+26938254,LOC_Os05g46500,41,39,35,66,60,58,40,49,52,43,44,41
Chr5+26938658,LOC_Os05g46500,0,0,0,0,0,0,0,0,0,0,0,0
Chr5-27701827,LOC_Os05g48330,1,0,0,0,0,0,3,3,3,1,1,1
Chr5-27702121,LOC_Os05g48330,48,52,33,47,31,37,104,99,117,43,30,43
Chr5-27701941,LOC_Os05g48330,3,4,3,3,0,1,15,13,14,10,8,0
Chr5-27703689,LOC_Os05g48330,0,0,0,0,0,0,1,0,0,0,0,0
Chr5+27807427,LOC_Os05g48510,230,235,238,162,164,164,337,335,324,81,90,71
Chr5+27807002,LOC_Os05g48510,0,0,0,0,0,0,0,0,0,0,0,0
Chr5-28476339,LOC_Os05g49630,1,1,2,3,0,1,2,1,1,3,3,3
Chr5-28473688,LOC_Os05g49630,0,0,0,2,4,4,3,3,3,13,21,18
Chr5-28473600,LOC_Os05g49630,1,0,0,0,0,0,2,0,1,8,12,14
Chr5-28871886,LOC_Os05g50380,1,3,0,0,0,0,0,0,0,8,8,8
Chr5-28871811,LOC_Os05g50380,68,68,63,69,53,56,12,8,1,477,437,490
Chr5+28940830,LOC_Os05g50480,2,1,2,0,0,0,0,1,1,0,0,0
Chr5+28942987,LOC_Os05g50480,1,2,1,0,0,0,2,1,1,2,1,1
Chr5+28948384,LOC_Os05g50480,101,99,112,127,117,126,167,170,153,154,143,150
Chr5+28948519,LOC_Os05g50480,0,3,3,2,1,4,5,5,5,6,4,7
Chr5+28948271,LOC_Os05g50480,2,2,2,0,1,3,0,1,3,4,6,6
Chr5+29616053,LOC_Os05g51630,0,0,0,2,1,0,0,0,0,0,0,1
Chr5+29616221,LOC_Os05g51630,55,46,43,73,72,73,38,26,33,91,109,114
Chr5+29616434,LOC_Os05g51630,8,6,3,16,10,7,1,0,1,12,12,19
Chr6+409962,LOC_Os06g01680,5,19,7,14,32,15,17,13,20,44,36,44
Chr6+410144,LOC_Os06g01680,54,80,55,54,39,53,48,52,45,47,52,41
Chr6+925182,LOC_Os06g02600,74,50,73,90,88,92,169,133,183,99,88,99
Chr6+924568,LOC_Os06g02600,0,0,0,0,0,0,0,0,0,0,0,0
Chr6+923649,LOC_Os06g02600,0,0,0,0,0,0,0,0,0,0,0,0
Chr6+1923594,LOC_Os06g04480,9,23,18,32,42,34,2,2,2,0,0,3
Chr6+1923233,LOC_Os06g04480,11,9,8,25,13,25,0,0,0,0,1,0
Chr6-2498984,LOC_Os06g05520,53,55,50,81,84,76,52,45,44,50,20,72
Chr6-2500522,LOC_Os06g05520,0,0,0,0,0,0,1,1,2,4,3,5
Chr6-2500900,LOC_Os06g05520,0,0,0,0,0,0,0,0,0,0,0,0
Chr6+2576703,LOC_Os06g05690,2,2,4,0,0,0,104,111,112,0,0,0
Chr6+2576776,LOC_Os06g05690,1,0,0,0,0,1,10,29,23,0,0,0
Chr6+2702290,LOC_Os06g05900,7,7,3,7,8,7,4,4,4,11,3,11
Chr6+2705022,LOC_Os06g05900,6,17,9,8,16,34,13,4,19,18,15,15
Chr6+3203919,LOC_Os06g06790,9,10,10,0,0,0,48,47,44,2,10,10
Chr6+3203821,LOC_Os06g06790,12,17,13,0,0,0,69,59,74,14,17,18
Chr6-3256753,LOC_Os06g06870,0,0,0,0,0,0,0,0,0,0,0,0
Chr6-3250547,LOC_Os06g06870,9,14,24,26,28,29,17,9,11,59,56,52
Chr6-3256457,LOC_Os06g06870,0,0,0,0,0,0,0,0,0,5,4,3
Chr6+3338153,LOC_Os06g07030,27,20,23,535,539,543,40,44,42,203,271,229
Chr6+3338864,LOC_Os06g07030,0,0,1,0,0,0,0,3,1,3,12,0
Chr6+3338599,LOC_Os06g07030,0,0,0,0,0,0,0,1,0,0,1,0
Chr6+4540239,LOC_Os06g09020,73,70,69,117,116,127,123,113,105,84,92,90
Chr6+4540523,LOC_Os06g09020,5,2,1,18,16,20,14,15,20,8,8,7
Chr6+4868760,LOC_Os06g09560,7,10,6,1,2,2,4,5,4,3,8,3
Chr6+4869574,LOC_Os06g09560,0,0,0,0,0,0,0,0,0,0,0,0
Chr6+4870069,LOC_Os06g09560,45,41,45,0,1,0,72,68,62,27,30,25
Chr6+4869341,LOC_Os06g09560,4,2,4,0,0,0,1,2,1,3,3,1
Chr6+5427193,LOC_Os06g10520,56,59,63,286,305,293,179,211,171,48,35,29
Chr6+5421314,LOC_Os06g10520,2,0,0,1,1,1,0,1,1,0,0,0
Chr6+5427119,LOC_Os06g10520,4,5,3,29,28,28,15,16,17,7,3,2
Chr6-6036960,LOC_Os06g11440,3,2,3,2,0,2,1,0,0,7,5,2
Chr6-6045572,LOC_Os06g11440,4,1,0,0,0,0,0,1,1,4,3,0
Chr6-6036738,LOC_Os06g11440,18,30,30,34,33,22,33,28,25,16,21,22
Chr6+6734093,LOC_Os06g12400,0,0,0,0,1,0,0,0,1,3,3,3
Chr6+6733997,LOC_Os06g12400,0,0,0,0,0,0,0,0,0,0,2,0
Chr6+6734446,LOC_Os06g12400,27,33,30,54,65,49,38,47,37,52,39,47
Chr6+7496628,LOC_Os06g13570,14,11,12,37,39,39,10,9,13,22,11,10
Chr6+7488115,LOC_Os06g13570,12,9,5,6,16,14,7,7,14,7,9,2
Chr6+8316861,LOC_Os06g14740,95,95,96,131,124,162,30,80,68,60,60,52
Chr6+8316719,LOC_Os06g14740,0,0,0,0,0,0,0,0,0,0,0,0
Chr6+8314693,LOC_Os06g14740,1,0,0,0,0,0,1,0,0,0,0,0
Chr6-8598272,LOC_Os06g15170,12,19,13,0,7,1,0,0,0,0,2,1
Chr6-8597895,LOC_Os06g15170,80,93,87,0,1,3,0,0,0,11,11,11
Chr6-8758767,LOC_Os06g15420,14,21,17,7,7,7,11,14,13,6,6,5
Chr6-8759043,LOC_Os06g15420,359,329,345,75,74,73,212,248,213,134,143,155
Chr6+10927115,LOC_Os06g19200,42,47,35,58,75,74,2,10,11,60,55,53
Chr6+10927366,LOC_Os06g19200,14,14,13,17,19,13,4,8,1,10,12,7
Chr6-13302551,LOC_Os06g22820,72,73,71,329,329,336,72,69,88,67,77,45
Chr6-13302263,LOC_Os06g22820,0,0,0,2,0,1,1,0,1,0,0,1
Chr6+13384654,LOC_Os06g22919,2,2,4,46,61,74,0,1,0,14,12,12
Chr6+13390409,LOC_Os06g22919,1,3,4,210,200,234,442,419,343,56,56,53
Chr6+13379165,LOC_Os06g22919,0,0,0,0,6,6,0,0,0,0,1,1
Chr6+13651201,LOC_Os06g23390,0,0,0,1,1,1,3,2,4,0,0,0
Chr6+13651306,LOC_Os06g23390,18,14,13,0,0,0,0,1,0,10,18,16
Chr6-14897115,LOC_Os06g25500,5,9,6,8,9,7,1,3,0,2,4,3
Chr6-14897441,LOC_Os06g25500,0,0,1,2,1,4,0,0,0,0,1,1
Chr6-14897283,LOC_Os06g25500,6,7,5,22,6,15,5,8,1,4,3,3
Chr6+16510334,LOC_Os06g28970,0,0,0,0,0,0,0,0,0,0,4,3
Chr6+16512798,LOC_Os06g28970,210,208,209,58,46,58,71,85,76,66,67,65
Chr6-16991756,LOC_Os06g29630,13,4,9,17,19,19,9,6,9,5,8,4
Chr6-16993466,LOC_Os06g29630,0,0,0,0,0,0,3,1,2,0,0,0
Chr6-18159030,LOC_Os06g31220,0,1,3,7,10,7,2,2,3,3,4,2
Chr6-18158753,LOC_Os06g31220,4,5,5,5,6,11,4,5,1,6,4,4
Chr6-18159497,LOC_Os06g31220,6,4,9,2,2,1,2,4,3,2,3,2
Chr6-18158673,LOC_Os06g31220,2,2,0,6,5,2,2,2,1,0,0,0
Chr6-18160069,LOC_Os06g31220,0,0,0,1,1,1,2,1,1,0,0,0
Chr6+19418434,LOC_Os06g33330,0,0,0,1,1,0,1,0,0,2,1,1
Chr6+19418158,LOC_Os06g33330,0,0,0,1,3,0,0,0,2,1,1,0
Chr6+19418311,LOC_Os06g33330,10,9,7,12,12,15,7,12,16,18,13,21
Chr6+19418486,LOC_Os06g33330,1,0,1,2,1,1,1,2,3,0,3,9
Chr6+19417156,LOC_Os06g33330,1,1,1,0,0,0,4,2,3,0,0,0
Chr6-20034728,LOC_Os06g34440,0,0,0,0,0,0,0,0,0,1,0,1
Chr6-20035117,LOC_Os06g34440,82,74,49,91,87,92,51,63,42,33,46,41
Chr6-20034649,LOC_Os06g34440,1,1,5,1,0,0,3,0,2,3,3,1
Chr6-20223915,LOC_Os06g34790,2070,1716,1706,555,610,544,645,588,568,250,229,236
Chr6-20223699,LOC_Os06g34790,0,0,0,0,3,1,0,1,0,0,1,1
Chr6-20635351,LOC_Os06g35410,124,167,306,39,46,53,316,302,332,14,10,18
Chr6-20635415,LOC_Os06g35410,1,0,0,0,0,0,4,1,4,0,0,0
Chr6-20998099,LOC_Os06g35960,7,8,6,0,0,0,1,1,8,1,6,8
Chr6-20996340,LOC_Os06g35960,49,63,61,0,0,0,34,40,37,28,28,27
Chr6-21069550,LOC_Os06g36050,23,22,27,13,16,11,22,22,20,22,14,15
Chr6-21066261,LOC_Os06g36050,94,98,96,7,6,6,50,64,51,15,16,15
Chr6-21414841,LOC_Os06g36480,7,1,6,1,1,0,7,5,5,0,0,0
Chr6-21421108,LOC_Os06g36480,1,0,0,0,2,0,0,3,1,3,2,3
Chr6-21414776,LOC_Os06g36480,23,8,3,5,6,4,10,11,12,0,0,1
Chr6-21963477,LOC_Os06g37180,1,1,1,7,9,9,7,7,5,48,27,33
Chr6-21963207,LOC_Os06g37180,876,811,843,1359,1426,1366,1189,1277,1325,1127,1149,1133
Chr6-23087555,LOC_Os06g38910,4,4,3,0,1,1,1,0,4,0,0,0
Chr6-23086909,LOC_Os06g38910,2,2,1,4,1,1,1,2,3,6,7,6
Chr6+23846208,LOC_Os06g40060,0,0,0,0,0,0,0,0,0,0,0,0
Chr6+23846628,LOC_Os06g40060,0,0,0,0,0,0,0,0,0,2,2,4
Chr6+23846762,LOC_Os06g40060,0,0,0,0,0,0,0,1,0,0,0,0
Chr6+23847017,LOC_Os06g40060,107,119,112,196,186,192,93,95,107,369,310,318
Chr6+23844369,LOC_Os06g40060,0,0,0,3,1,5,0,0,0,0,0,0
Chr6+23846874,LOC_Os06g40060,0,0,0,0,1,0,1,1,1,1,0,1
Chr6-25073605,LOC_Os06g41810,40,36,35,12,13,12,9,11,7,9,7,10
Chr6-25073255,LOC_Os06g41810,0,0,0,0,0,0,0,0,0,0,0,0
Chr6-25073672,LOC_Os06g41810,52,57,53,69,57,64,20,16,8,23,35,24
Chr6-25899616,LOC_Os06g43090,1,4,3,0,0,0,0,6,1,3,0,4
Chr6-25899526,LOC_Os06g43090,27,23,21,1,1,1,27,23,16,28,29,38
Chr6-25899445,LOC_Os06g43090,72,51,58,4,4,4,38,47,53,103,102,160
Chr6-25899296,LOC_Os06g43090,0,0,0,0,0,0,0,1,0,3,3,0
Chr6+26303034,LOC_Os06g43680,10,6,7,5,4,5,4,9,7,5,2,3
Chr6+26297637,LOC_Os06g43680,0,0,0,0,0,0,0,0,1,0,0,0
Chr6+26302824,LOC_Os06g43680,5,6,7,3,3,4,0,8,5,6,7,1
Chr6+26303103,LOC_Os06g43680,35,29,33,44,44,45,26,28,23,19,12,19
Chr6-26637991,LOC_Os06g44150,1,1,2,2,6,9,2,2,2,1,1,1
Chr6-26635719,LOC_Os06g44150,5,2,2,14,11,13,10,5,2,15,12,3
Chr6-26635628,LOC_Os06g44150,23,16,48,13,6,11,23,23,20,8,11,11
Chr6-26948705,LOC_Os06g44620,0,0,1,0,2,0,2,1,0,0,0,0
Chr6-26945604,LOC_Os06g44620,0,0,0,0,1,0,1,1,1,0,0,0
Chr6-26943172,LOC_Os06g44620,236,244,228,166,179,166,263,262,236,45,103,80
Chr6+27561599,LOC_Os06g45540,1,4,1,1,0,0,1,1,1,39,40,40
Chr6+27561475,LOC_Os06g45540,0,0,0,0,0,0,0,0,0,11,6,13
Chr6+27561347,LOC_Os06g45540,0,1,0,0,0,0,0,0,0,4,7,4
Chr6+28402076,LOC_Os06g46770,0,0,0,0,0,0,0,0,0,0,0,0
Chr6+28404272,LOC_Os06g46770,2,3,1,1,1,3,0,5,2,1,1,2
Chr6-28641300,LOC_Os06g47230,0,1,0,0,0,0,4,2,9,0,2,3
Chr6-28639437,LOC_Os06g47230,1644,1707,1571,4964,5060,5018,2862,2618,2755,1924,1469,1413
Chr6-28640867,LOC_Os06g47230,0,0,0,0,0,0,0,1,0,0,0,0
Chr6+28706369,LOC_Os06g47350,296,295,303,1637,1653,1683,264,281,258,398,346,316
Chr6+28701964,LOC_Os06g47350,4,5,1,0,23,25,4,7,5,1,0,2
Chr6-29215091,LOC_Os06g48320,1,1,0,0,0,1,0,1,1,1,1,0
Chr6-29217421,LOC_Os06g48320,4,4,3,0,1,0,1,0,1,3,3,3
Chr6-29215435,LOC_Os06g48320,46,47,41,51,39,45,37,33,42,206,217,182
Chr6-29215735,LOC_Os06g48320,5,5,1,1,0,0,0,2,2,1,0,0
Chr6-29215275,LOC_Os06g48320,4,4,6,3,0,3,9,12,9,37,41,30
Chr6-29217696,LOC_Os06g48320,6,2,0,1,0,0,4,3,3,0,1,1
Chr6-29958681,LOC_Os06g49440,1,1,1,1,5,0,1,2,2,0,1,0
Chr6-29955988,LOC_Os06g49440,7,14,8,22,19,22,12,21,10,9,10,19
Chr6-29955619,LOC_Os06g49440,5,7,3,11,15,9,4,10,7,3,5,3
Chr6+31184620,LOC_Os06g51480,4,4,5,18,1,2,8,5,9,3,8,9
Chr6+31184283,LOC_Os06g51480,85,86,100,119,143,88,115,142,133,51,51,46
Chr7+21062,LOC_Os07g01030,21,15,15,3,9,3,0,0,1,2,1,0
Chr7+21337,LOC_Os07g01030,180,211,248,183,235,222,12,23,23,34,22,22
Chr7-451747,LOC_Os07g01770,9,0,9,5,5,3,5,4,6,5272,5552,5062
Chr7-453397,LOC_Os07g01770,2,0,3,0,0,0,0,2,1,0,1,2
Chr7-452595,LOC_Os07g01770,0,0,0,0,0,0,0,0,0,0,0,0
Chr7-453618,LOC_Os07g01770,4,4,5,1,3,3,7,9,6,2,1,3
Chr7-457751,LOC_Os07g01770,0,0,0,0,0,0,0,0,0,366,362,619
Chr7-452404,LOC_Os07g01770,0,0,0,0,0,0,0,0,0,7,25,16
Chr7-607252,LOC_Os07g01990,2,0,1,0,0,0,0,0,0,0,1,0
Chr7-604708,LOC_Os07g01990,168,171,196,113,121,122,136,138,129,113,133,133
Chr7-604833,LOC_Os07g01990,0,0,0,0,0,0,0,0,0,1,0,0
Chr7+798364,LOC_Os07g02340,0,0,1,1,1,1,0,0,0,1,0,1
Chr7+798246,LOC_Os07g02340,2,2,0,0,1,0,0,0,0,2,1,0
Chr7+799174,LOC_Os07g02340,3,5,6,5,6,0,8,7,8,15,11,10
Chr7+798977,LOC_Os07g02340,870,863,897,738,727,727,764,758,750,809,829,932
Chr7+3244556,LOC_Os07g06644,125,130,123,96,100,94,37,40,33,35,32,31
Chr7+3242941,LOC_Os07g06644,16,17,17,6,9,14,9,9,10,4,4,4
Chr7-3847108,LOC_Os07g07680,3,1,1,3,5,2,3,2,0,3,2,0
Chr7-3847055,LOC_Os07g07680,172,145,142,217,207,214,105,84,108,146,124,133
Chr7-4150686,LOC_Os07g08170,1,1,1,0,0,0,0,1,1,1,1,2
Chr7-4151057,LOC_Os07g08170,29,27,25,37,37,38,50,50,49,25,3,22
Chr7-4150765,LOC_Os07g08170,0,0,1,0,0,0,4,4,4,0,0,0
Chr7-4185358,LOC_Os07g08210,12,13,13,35,29,34,8,7,8,30,37,41
Chr7-4185763,LOC_Os07g08210,20,8,21,35,27,38,7,4,13,27,15,21
Chr7-4185233,LOC_Os07g08210,13,13,12,54,55,49,12,10,9,15,16,28
Chr7-5128827,LOC_Os07g09670,0,0,0,0,0,0,0,0,0,0,0,0
Chr7-5128529,LOC_Os07g09670,1,1,1,0,0,0,4,1,2,0,4,0
Chr7-5128678,LOC_Os07g09670,18,25,27,5,6,5,43,41,72,7,2,9
Chr7-6115520,LOC_Os07g11060,0,0,0,0,0,0,1,1,0,0,0,0
Chr7-6108152,LOC_Os07g11060,152,126,134,94,90,90,175,165,133,258,254,264
Chr7-8939846,LOC_Os07g15440,2,1,1,0,0,0,2,1,2,2,2,0
Chr7-8930453,LOC_Os07g15440,0,0,0,0,0,1,0,0,0,1,1,0
Chr7-8938123,LOC_Os07g15440,0,0,0,0,0,0,0,0,0,0,0,0
Chr7-8930109,LOC_Os07g15440,3,2,5,5,9,3,1,1,0,10,9,9
Chr7-10127947,LOC_Os07g17210,0,0,0,0,0,0,0,0,0,0,2,5
Chr7-10133881,LOC_Os07g17210,4,5,2,1,0,0,1,2,2,6,5,5
Chr7-10127706,LOC_Os07g17210,5,3,3,0,0,0,2,2,2,46,39,32
Chr7-10822540,LOC_Os07g18250,5,0,0,1,0,1,2,1,0,1,1,2
Chr7-10817328,LOC_Os07g18250,36,28,13,29,31,29,33,25,31,19,24,25
Chr7-10817417,LOC_Os07g18250,7,5,5,9,8,10,6,6,6,12,13,10
Chr7+11221181,LOC_Os07g18930,4,6,1,1,8,7,3,4,5,6,3,4
Chr7+11221295,LOC_Os07g18930,3,3,5,5,9,6,5,4,4,1,2,2
Chr7+12566795,LOC_Os07g22390,5,5,8,5,4,4,6,5,5,1,3,0
Chr7+12570172,LOC_Os07g22390,66,65,59,79,80,78,40,40,46,63,60,66
Chr7+12566736,LOC_Os07g22390,5,4,8,13,7,8,5,6,6,13,14,14
Chr7-13058176,LOC_Os07g23169,0,0,0,0,0,0,0,0,0,0,0,0
Chr7-13058980,LOC_Os07g23169,0,0,0,1,9,1,0,2,0,2,3,3
Chr7-13057842,LOC_Os07g23169,5,5,3,9,3,6,3,4,2,8,1,9
Chr7-13064601,LOC_Os07g23169,0,0,1,2,0,0,2,1,1,1,1,1
Chr7-13064529,LOC_Os07g23169,2,0,0,4,6,2,3,4,3,3,2,1
Chr7-13064446,LOC_Os07g23169,1,4,2,4,1,1,5,5,3,1,1,3
Chr7-13436763,LOC_Os07g23790,103,106,104,112,119,92,112,110,136,188,182,184
Chr7-13439141,LOC_Os07g23790,0,0,0,0,0,0,0,0,0,0,0,0
Chr7-13439354,LOC_Os07g23790,0,0,0,0,0,0,0,0,0,0,0,0
Chr7-13438764,LOC_Os07g23790,0,0,0,0,0,0,0,0,0,0,0,0
Chr7-13438287,LOC_Os07g23790,0,0,0,0,0,0,3,0,0,1,0,0
Chr7-13438691,LOC_Os07g23790,0,0,1,1,0,0,1,0,0,0,0,0
Chr7-13439556,LOC_Os07g23790,0,0,0,0,0,0,0,0,0,0,0,0
Chr7-13437936,LOC_Os07g23790,0,0,0,0,0,0,0,0,0,0,0,0
Chr7-13438573,LOC_Os07g23790,3,1,2,1,2,0,3,1,4,5,6,2
Chr7-13513635,LOC_Os07g23900,0,0,1,5,4,6,4,1,2,5,8,4
Chr7-13513516,LOC_Os07g23900,0,0,0,0,0,0,1,1,3,1,1,0
Chr7+15407379,LOC_Os07g26690,6,8,4,0,1,0,0,2,3,1,1,1
Chr7+15410010,LOC_Os07g26690,97,97,96,18,27,18,101,131,126,8,10,8
Chr7+15409709,LOC_Os07g26690,3574,3263,3546,1042,1040,1125,4603,4315,4538,609,653,621
Chr7-16627446,LOC_Os07g28440,2,3,1,0,0,0,2,0,0,0,0,0
Chr7-16628159,LOC_Os07g28440,0,0,0,0,0,0,0,0,0,0,0,0
Chr7-16627852,LOC_Os07g28440,0,0,0,0,0,0,0,1,0,0,0,1
Chr7-16627620,LOC_Os07g28440,285,265,310,322,333,340,290,342,267,601,761,887
Chr7+16675328,LOC_Os07g28480,68,80,64,68,83,78,6,3,4,0,0,0
Chr7+16675251,LOC_Os07g28480,85,63,83,105,92,94,7,0,6,0,0,0
Chr7-17883269,LOC_Os07g30250,4,5,5,1,4,0,9,9,9,7,7,4
Chr7-17881257,LOC_Os07g30250,0,0,0,0,0,0,0,0,0,0,0,0
Chr7-17881209,LOC_Os07g30250,14,4,19,8,7,5,8,8,9,19,16,13
Chr7-17880997,LOC_Os07g30250,49,50,70,46,41,49,61,66,64,62,42,66
Chr7-18246162,LOC_Os07g30820,1,1,0,0,0,0,0,0,0,2,6,3
Chr7-18241608,LOC_Os07g30820,192,196,206,695,726,717,206,219,204,185,140,182
Chr7-18253476,LOC_Os07g30840,12,5,10,3,8,6,8,9,8,10,1,7
Chr7-18253699,LOC_Os07g30840,106,115,115,91,91,89,124,129,178,144,156,148
Chr7-18253785,LOC_Os07g30840,0,0,0,0,0,0,0,0,0,0,0,0
Chr7-18253842,LOC_Os07g30840,0,0,0,0,0,0,0,0,0,0,0,0
Chr7+18324603,LOC_Os07g30940,179,202,195,119,135,121,170,180,167,67,45,60
Chr7+18324430,LOC_Os07g30940,0,0,0,0,0,0,2,1,1,0,0,0
Chr7+19289539,LOC_Os07g32420,33,36,29,191,185,200,23,32,25,63,66,60
Chr7+19289709,LOC_Os07g32420,73,66,71,351,325,372,68,60,40,85,76,60
Chr7+19288958,LOC_Os07g32420,0,0,0,0,0,0,0,0,1,0,0,1
Chr7+20566854,LOC_Os07g34320,4,2,7,0,0,1,1,2,1,1,0,1
Chr7+20566670,LOC_Os07g34320,18,26,28,0,0,0,0,0,0,0,0,0
Chr7+22571398,LOC_Os07g37640,0,0,0,1,2,0,0,0,1,0,0,0
Chr7+22570551,LOC_Os07g37640,0,0,1,1,1,1,0,0,0,0,0,1
Chr7+22571508,LOC_Os07g37640,22,18,19,26,40,22,47,62,47,43,36,45
Chr7-23507113,LOC_Os07g39270,1,1,1,0,1,2,0,0,0,2,2,1
Chr7-23507310,LOC_Os07g39270,11,12,11,4,0,5,2,2,2,34,33,33
Chr7-23506870,LOC_Os07g39270,4,2,4,1,1,2,0,0,2,24,31,10
Chr7-23507029,LOC_Os07g39270,4,4,3,0,0,0,2,1,0,6,4,1
Chr7-23507510,LOC_Os07g39270,222,219,179,102,102,99,34,34,35,290,293,290
Chr7+23543690,LOC_Os07g39310,13,10,11,4,5,4,9,9,7,5,4,7
Chr7+23544043,LOC_Os07g39310,0,0,0,0,0,0,0,1,1,0,0,0
Chr7+23543533,LOC_Os07g39310,92,109,105,115,112,117,32,20,27,64,72,83
Chr7+23540766,LOC_Os07g39310,6,5,4,0,0,1,5,7,3,3,3,3
Chr7-23893991,LOC_Os07g39850,4,4,4,0,0,0,0,0,0,0,0,0
Chr7-23894122,LOC_Os07g39850,65,59,58,3,5,5,15,6,5,64,63,28
Chr7+23931220,LOC_Os07g39900,136,158,116,214,209,210,147,148,124,166,199,189
Chr7+23926466,LOC_Os07g39900,1,1,2,0,0,0,0,1,0,1,0,0
Chr7+23930644,LOC_Os07g39900,0,0,0,0,0,0,0,4,0,0,0,0
Chr7+26850227,LOC_Os07g45000,31,33,33,173,175,187,34,31,36,28,44,56
Chr7+26850359,LOC_Os07g45000,1,7,8,3,17,0,6,5,5,4,2,0
Chr7+27722459,LOC_Os07g46450,3,0,1,0,0,0,0,0,0,0,0,1
Chr7+27722660,LOC_Os07g46450,139,139,144,19,18,16,29,47,33,39,39,44
Chr7-27783663,LOC_Os07g46520,163,163,165,300,295,310,65,70,68,1529,1662,1654
Chr7-27785620,LOC_Os07g46520,0,0,0,0,0,0,0,1,0,6,2,7
Chr7-27783465,LOC_Os07g46520,0,0,0,0,0,0,0,1,0,7,7,4
Chr7-28191080,LOC_Os07g47150,9,16,16,10,9,13,21,29,31,20,22,20
Chr7-28189797,LOC_Os07g47150,1,0,0,1,2,1,1,0,0,2,0,0
Chr7-29248108,LOC_Os07g48880,0,0,0,0,0,0,0,0,0,1,1,0
Chr7-29247577,LOC_Os07g48880,3,0,0,3,0,0,0,0,0,2,1,1
Chr7-29248465,LOC_Os07g48880,8,6,4,9,10,9,3,3,2,3,6,6
Chr7-29247837,LOC_Os07g48880,8,7,7,7,6,5,5,3,4,3,2,6
Chr7-29295224,LOC_Os07g48960,1,1,1,3,4,1,2,5,0,1,1,2
Chr7-29292322,LOC_Os07g48960,23,22,26,23,32,35,76,77,72,22,22,24
Chr7-29292454,LOC_Os07g48960,16,17,20,22,16,5,43,50,43,20,27,22
Chr7+29370450,LOC_Os07g49040,88,76,89,38,32,27,95,100,86,72,63,70
Chr7+29370153,LOC_Os07g49040,1,2,0,1,0,3,1,4,0,8,12,5
Chr7+29400763,LOC_Os07g49110,0,1,4,0,0,1,0,1,0,0,0,0
Chr7+29401829,LOC_Os07g49110,399,332,339,352,325,330,86,87,78,70,56,62
Chr7+29400050,LOC_Os07g49110,6,4,8,2,0,0,0,0,1,3,2,3
Chr8+191783,LOC_Os08g01290,2,1,11,8,7,8,11,11,9,4,3,5
Chr8+188813,LOC_Os08g01290,0,0,0,0,0,0,1,0,1,0,0,0
Chr8+191880,LOC_Os08g01290,3,3,3,5,0,6,4,5,0,2,1,2
Chr8+190990,LOC_Os08g01290,0,1,2,0,0,0,1,1,0,0,0,0
Chr8+190741,LOC_Os08g01290,69,72,65,59,64,81,63,64,66,15,23,16
Chr8+698542,LOC_Os08g02110,2,0,1,15,15,8,6,4,3,0,0,0
Chr8+698310,LOC_Os08g02110,7,15,5,116,114,113,87,85,85,0,0,0
Chr8+698624,LOC_Os08g02110,10,5,18,54,52,50,67,65,63,0,0,0
Chr8-768390,LOC_Os08g02230,346,332,330,153,160,152,176,160,144,0,0,4
Chr8-768511,LOC_Os08g02230,45,48,50,25,23,27,20,14,5,0,0,0
Chr8-768102,LOC_Os08g02230,16,19,18,7,8,7,7,13,11,0,0,0
Chr8+1621375,LOC_Os08g03450,476,473,461,608,599,617,893,765,788,298,311,350
Chr8+1620274,LOC_Os08g03450,0,0,0,0,0,1,0,0,0,0,0,0
Chr8+1620496,LOC_Os08g03450,0,0,0,0,0,0,0,0,0,1,0,1
Chr8+1620024,LOC_Os08g03450,0,0,0,0,0,0,0,0,0,0,0,0
Chr8-3326360,LOC_Os08g06090,132,131,130,54,55,62,95,145,150,178,184,190
Chr8-3326520,LOC_Os08g06090,0,0,2,0,0,0,1,1,1,0,1,0
Chr8-3326187,LOC_Os08g06090,3,7,7,4,11,2,9,8,10,19,21,19
Chr8+3685466,LOC_Os08g06500,6,5,7,11,13,5,10,12,5,9,4,12
Chr8+3684290,LOC_Os08g06500,0,0,1,0,0,0,1,2,1,1,1,1
Chr8+3685199,LOC_Os08g06500,0,0,0,0,2,0,1,0,1,2,2,2
Chr8-4416522,LOC_Os08g07850,0,0,0,0,0,0,1,1,1,0,3,0
Chr8-4414657,LOC_Os08g07850,0,0,0,1,0,0,0,0,0,1,1,0
Chr8-4416683,LOC_Os08g07850,0,0,0,0,0,0,0,0,0,4,4,4
Chr8-4406637,LOC_Os08g07850,35,40,37,59,58,65,29,30,31,27,32,31
Chr8+4591234,LOC_Os08g08080,17,23,30,34,50,39,32,32,31,31,36,29
Chr8+4588301,LOC_Os08g08080,0,0,0,2,0,1,0,1,1,1,2,2
Chr8+4589022,LOC_Os08g08080,2,2,2,0,1,6,4,4,4,17,5,6
Chr8+4696656,LOC_Os08g08210,101,105,102,138,126,117,63,123,77,151,128,143
Chr8+4696954,LOC_Os08g08210,1,0,0,1,0,0,0,0,0,0,1,0
Chr8-5806505,LOC_Os08g10020,9007,8599,10319,4055,3943,4336,169,163,162,91,166,170
Chr8-5807976,LOC_Os08g10020,0,0,0,0,0,0,1,0,1,0,2,0
Chr8-7991095,LOC_Os08g13430,1,1,0,0,0,1,0,0,0,0,0,0
Chr8-7991393,LOC_Os08g13430,4,2,3,10,14,12,0,0,0,0,0,0
Chr8-7992843,LOC_Os08g13430,30,19,22,13,9,29,2,3,1,3,3,4
Chr8-7991327,LOC_Os08g13430,1,2,0,1,1,1,0,0,0,0,0,0
Chr8-7992674,LOC_Os08g13430,23,14,17,36,39,39,0,0,0,7,5,4
Chr8+12719261,LOC_Os08g21330,4,0,1,1,0,1,1,1,1,0,0,1
Chr8+12718764,LOC_Os08g21330,10,12,11,1,0,2,21,19,14,4,19,8
Chr8+12719218,LOC_Os08g21330,2,2,2,2,0,0,1,2,4,0,2,3
Chr8-12724304,LOC_Os08g21350,90,110,106,123,126,126,147,148,146,87,96,96
Chr8-12724556,LOC_Os08g21350,5,3,1,6,5,3,6,6,6,11,8,8
Chr8+13074572,LOC_Os08g21840,0,1,0,0,1,1,1,0,1,0,0,0
Chr8+13075843,LOC_Os08g21840,3,2,1,0,0,0,2,3,3,5,5,3
Chr8+13076027,LOC_Os08g21840,36,32,32,25,6,14,102,75,77,89,43,67
Chr8-16519397,LOC_Os08g27040,11,11,11,14,2,14,3,4,0,2,4,3
Chr8-16519628,LOC_Os08g27040,126,118,126,82,82,87,28,21,34,59,48,50
Chr8-16522921,LOC_Os08g27040,0,0,1,0,0,0,0,0,0,1,0,0
Chr8-16915204,LOC_Os08g27759,1,1,4,0,0,1,1,0,1,0,0,0
Chr8-16916653,LOC_Os08g27759,9,18,5,18,14,15,3,1,3,3,3,7
Chr8-16946484,LOC_Os08g27824,12,12,23,9,8,8,32,30,38,19,25,31
Chr8-16946671,LOC_Os08g27824,0,0,0,0,0,0,0,0,0,0,0,0
Chr8-18103293,LOC_Os08g29530,86,73,60,100,96,61,129,119,116,175,174,157
Chr8-18108092,LOC_Os08g29530,0,0,0,0,0,0,0,0,0,0,0,0
Chr8+19207763,LOC_Os08g31090,2,2,2,10,10,16,19,18,21,118,125,137
Chr8+19208087,LOC_Os08g31090,0,1,1,0,0,0,0,0,1,6,16,11
Chr8+19548979,LOC_Os08g31580,87,77,102,257,259,263,124,128,105,547,541,581
Chr8+19547661,LOC_Os08g31580,0,2,0,1,2,2,4,3,3,3,5,4
Chr8+19698137,LOC_Os08g31769,8,11,17,10,12,13,18,16,16,69,72,73
Chr8+19693840,LOC_Os08g31769,3,2,3,3,1,4,7,6,7,4,4,2
Chr8+20565942,LOC_Os08g33082,1,0,0,0,0,0,0,0,0,0,2,1
Chr8+20566194,LOC_Os08g33082,22,23,27,29,29,34,20,23,19,39,33,37
Chr8+20560447,LOC_Os08g33082,1,0,1,1,0,0,1,1,2,0,0,0
Chr8-22219629,LOC_Os08g35220,0,0,0,1,1,1,1,2,0,0,1,0
Chr8-22220044,LOC_Os08g35220,14,13,34,18,20,26,26,25,28,23,16,13
Chr8-22219953,LOC_Os08g35220,1,2,2,9,12,6,4,6,0,2,4,0
Chr8-23219154,LOC_Os08g36774,58,59,52,115,114,116,75,80,79,43,41,36
Chr8-23218888,LOC_Os08g36774,3,2,4,0,0,2,2,1,2,0,0,0
Chr8-23229774,LOC_Os08g36774,0,1,0,1,0,0,2,2,2,1,0,0
Chr8-23229595,LOC_Os08g36774,0,0,0,0,0,0,0,0,0,0,0,0
Chr8+23717394,LOC_Os08g37432,30,34,31,53,55,46,41,58,50,8,2,10
Chr8+23717490,LOC_Os08g37432,0,0,0,0,0,1,1,0,1,1,0,0
Chr8+23714230,LOC_Os08g37432,4,4,4,5,5,5,11,10,11,3,0,1
Chr8+24499077,LOC_Os08g38740,0,0,0,2,0,1,0,0,0,187,158,161
Chr8+24498123,LOC_Os08g38740,0,0,0,0,0,0,0,0,0,0,2,1
Chr8+24498068,LOC_Os08g38740,0,0,0,0,0,0,0,0,0,0,0,0
Chr8+24713013,LOC_Os08g39120,0,0,0,1,0,0,0,0,0,0,0,0
Chr8+24715539,LOC_Os08g39120,22,17,23,16,11,8,12,12,10,13,10,24
Chr8+24715695,LOC_Os08g39120,1,0,0,1,2,1,4,5,6,4,1,4
Chr8+24715432,LOC_Os08g39120,0,0,0,0,2,2,4,2,1,2,1,0
Chr8+25940341,LOC_Os08g41010,0,0,0,1,2,4,2,2,1,0,1,1
Chr8+25942290,LOC_Os08g41010,23,16,23,36,46,24,15,15,15,41,37,33
Chr8+25940856,LOC_Os08g41010,13,2,2,3,3,2,4,13,9,3,3,3
Chr8+25940715,LOC_Os08g41010,25,57,42,51,48,55,78,52,53,30,34,32
Chr8+25942446,LOC_Os08g41010,3,0,1,2,8,9,1,1,1,3,0,0
Chr8-26165335,LOC_Os08g41440,1,0,0,0,0,0,0,0,0,1,0,0
Chr8-26165429,LOC_Os08g41440,4,6,7,6,2,4,2,2,1,4,3,0
Chr8-26165225,LOC_Os08g41440,17,20,21,18,21,17,2,11,2,23,10,21
Chr8-26165067,LOC_Os08g41440,62,30,49,64,57,78,13,16,14,72,54,55
Chr8-26842165,LOC_Os08g42470,0,0,0,1,0,0,0,0,0,0,0,0
Chr8-26841065,LOC_Os08g42470,42,33,20,0,0,0,0,1,0,0,0,0
Chr8+28019336,LOC_Os08g44560,2,3,6,0,2,2,2,1,2,1,0,0
Chr8+28019959,LOC_Os08g44560,0,0,2,1,1,0,0,6,5,3,1,0
Chr8+28019221,LOC_Os08g44560,9,9,14,3,1,5,1,2,4,0,0,0
Chr8+28020252,LOC_Os08g44560,14,12,14,13,11,6,6,8,8,5,3,9
Chr8+28345550,LOC_Os08g45140,163,130,175,42,42,45,52,45,44,60,45,48
Chr8+28345480,LOC_Os08g45140,5,4,5,0,2,0,0,0,0,0,2,1
Chr9-3494968,LOC_Os09g07154,6,10,0,0,0,0,0,0,0,2,6,5
Chr9-3494310,LOC_Os09g07154,6,12,11,0,0,0,0,0,0,14,15,12
Chr9-3493970,LOC_Os09g07154,0,0,0,1,0,0,0,0,0,0,0,0
Chr9-4201088,LOC_Os09g08130,3,0,4,3,3,3,0,0,0,7,8,7
Chr9-4201179,LOC_Os09g08130,0,0,0,1,0,0,0,0,0,0,1,3
Chr9-4200791,LOC_Os09g08130,1,1,3,1,1,1,2,2,1,0,1,2
Chr9-4502975,LOC_Os09g08620,3,13,5,8,7,8,1,0,2,13,12,9
Chr9-4504354,LOC_Os09g08620,3,2,2,3,0,3,0,1,3,1,0,0
Chr9-5838299,LOC_Os09g10710,17,14,15,12,15,13,35,24,30,20,46,36
Chr9-5837818,LOC_Os09g10710,52,76,23,96,95,100,52,40,33,83,56,69
Chr9-9970573,LOC_Os09g16330,80,68,80,165,172,170,123,125,129,14,10,10
Chr9-9976956,LOC_Os09g16330,0,0,0,0,0,0,0,0,0,0,0,0
Chr9-9978437,LOC_Os09g16330,0,0,0,0,0,0,0,0,0,0,0,0
Chr9+11815225,LOC_Os09g19734,1,1,1,0,0,0,2,1,0,1,0,0
Chr9+11808918,LOC_Os09g19734,621,626,609,417,392,424,1033,1109,1060,519,437,505
Chr9+11815322,LOC_Os09g19734,25,51,53,22,12,15,9,9,8,5,4,4
Chr9-11913911,LOC_Os09g19910,0,0,0,0,0,1,3,0,1,0,1,1
Chr9-11913665,LOC_Os09g19910,72,84,82,54,51,49,62,63,60,80,76,80
Chr9-11920887,LOC_Os09g19930,98,82,115,0,0,0,1,0,1,22,23,16
Chr9-11920518,LOC_Os09g19930,23,39,26,0,0,0,0,0,0,5,6,5
Chr9-12289976,LOC_Os09g20430,16,16,9,5,4,4,7,11,17,17,1,5
Chr9-12290869,LOC_Os09g20430,0,0,2,0,0,0,6,4,1,1,0,1
Chr9-13141232,LOC_Os09g21689,2,1,1,0,0,2,0,0,2,3,0,2
Chr9-13143923,LOC_Os09g21689,0,0,0,0,0,0,0,0,0,3,4,1
Chr9-13140575,LOC_Os09g21689,23,23,29,35,47,44,30,33,25,22,24,28
Chr9-13144064,LOC_Os09g21689,1,4,6,3,3,2,0,0,0,6,13,0
Chr9-13141141,LOC_Os09g21689,0,0,0,1,0,1,0,1,1,2,3,1
Chr9-13140981,LOC_Os09g21689,1,0,1,0,2,3,1,1,1,0,0,2
Chr9-13146026,LOC_Os09g21689,5,6,8,12,11,12,4,7,4,6,18,19
Chr9-15450591,LOC_Os09g25784,6,6,7,2,1,2,0,0,0,0,6,4
Chr9-15454658,LOC_Os09g25784,1,0,0,0,0,0,1,1,1,0,0,1
Chr9-15451257,LOC_Os09g25784,0,0,0,0,0,0,1,1,0,0,0,0
Chr9-15546421,LOC_Os09g25900,52,51,53,10,8,6,46,42,45,8,4,5
Chr9-15546294,LOC_Os09g25900,7,8,7,1,0,0,3,4,4,0,0,0
Chr9-15628806,LOC_Os09g26004,0,1,1,0,0,0,0,0,1,2,2,0
Chr9-15628473,LOC_Os09g26004,5,1,3,3,3,1,0,0,1,1,2,5
Chr9-15628352,LOC_Os09g26004,7,9,13,12,14,15,7,5,4,2,2,0
Chr9-15628978,LOC_Os09g26004,14,6,15,6,7,7,6,11,10,11,17,11
Chr9-15629125,LOC_Os09g26004,3,3,3,2,1,3,1,1,1,1,3,2
Chr9-15630611,LOC_Os09g26004,3,0,5,15,4,8,0,0,0,2,9,4
Chr9-15781288,LOC_Os09g26180,3,1,4,1,0,1,1,2,1,0,1,0
Chr9-15781451,LOC_Os09g26180,47,69,49,235,127,159,60,56,61,80,85,106
Chr9+17395623,LOC_Os09g28590,44,40,44,60,66,61,35,31,32,64,71,55
Chr9+17395381,LOC_Os09g28590,17,16,15,40,31,16,8,8,6,26,17,10
Chr9+17395098,LOC_Os09g28590,6,11,12,15,11,12,2,2,2,5,2,11
Chr9+17428694,LOC_Os09g28660,1,0,2,0,0,0,2,2,2,0,0,0
Chr9+17428559,LOC_Os09g28660,19,9,14,3,6,8,13,21,29,4,5,3
Chr9-17607432,LOC_Os09g28940,0,0,2,0,0,0,1,1,0,1,0,1
Chr9-17600449,LOC_Os09g28940,1,0,0,0,0,1,0,0,0,1,2,0
Chr9-17600326,LOC_Os09g28940,13,11,12,10,13,15,1,1,1,7,6,9
Chr9+17880364,LOC_Os09g29420,7,6,0,6,5,2,8,5,6,4,3,4
Chr9+17880146,LOC_Os09g29420,9,16,11,13,25,21,30,25,37,20,17,20
Chr9+17984032,LOC_Os09g29570,0,0,0,0,0,0,0,1,0,0,0,1
Chr9+17982120,LOC_Os09g29570,3,1,2,0,3,0,0,0,0,0,0,0
Chr9-18178320,LOC_Os09g29890,0,3,4,0,0,0,6,5,5,4,3,3
Chr9-18174323,LOC_Os09g29890,0,1,1,1,1,1,1,1,2,1,0,3
Chr9-18178215,LOC_Os09g29890,0,0,0,0,0,0,3,1,0,0,0,0
Chr9-18177979,LOC_Os09g29890,0,1,0,0,0,0,1,2,1,0,1,0
Chr9-18178830,LOC_Os09g29890,1,1,0,0,2,0,1,1,1,0,0,0
Chr9-18174554,LOC_Os09g29890,81,82,75,59,69,62,96,137,124,497,448,465
Chr9+18470333,LOC_Os09g30340,20556,20356,22866,4028,4405,4455,440,452,454,298,282,255
Chr9+18470277,LOC_Os09g30340,20,11,17,8,5,6,1,1,1,1,1,0
Chr9-18982597,LOC_Os09g31478,0,0,0,0,3,2,0,0,0,0,0,0
Chr9-18979687,LOC_Os09g31478,0,0,0,0,0,0,0,0,0,0,0,0
Chr9-18978985,LOC_Os09g31478,0,0,1,4,3,6,2,1,2,0,0,0
Chr9-18979838,LOC_Os09g31478,0,0,0,0,0,0,0,0,0,0,1,0
Chr9-18981220,LOC_Os09g31478,0,0,0,1,3,0,0,0,0,0,0,0
Chr9-18978152,LOC_Os09g31478,8,3,5,227,243,249,17,19,22,25,33,35
Chr9-18980205,LOC_Os09g31478,0,0,0,0,0,0,0,0,0,0,0,0
Chr9+19575257,LOC_Os09g32820,0,0,0,0,0,0,0,0,0,0,0,0
Chr9+19575608,LOC_Os09g32820,60,69,57,71,86,54,54,90,80,54,62,46
Chr9+19575330,LOC_Os09g32820,0,0,0,0,0,0,0,0,0,0,0,0
Chr9+19575435,LOC_Os09g32820,57,72,68,63,67,66,43,64,43,94,92,101
Chr9-20157729,LOC_Os09g34150,10,10,9,7,20,10,5,5,5,12,8,6
Chr9-20157428,LOC_Os09g34150,0,0,0,0,0,0,1,0,0,0,0,0
Chr9-20157883,LOC_Os09g34150,1,1,1,1,3,0,0,1,1,0,0,0
Chr9-20741346,LOC_Os09g35990,0,0,1,0,8,7,0,1,0,7,7,6
Chr9-20737046,LOC_Os09g35990,40,42,36,4,11,2,4,3,4,3,0,3
Chr9-20737114,LOC_Os09g35990,31,27,30,6,3,7,6,0,0,6,3,3
Chr9-20738731,LOC_Os09g35990,0,1,0,3,5,11,1,1,1,1,3,3
Chr9+20768215,LOC_Os09g36060,2,0,1,0,0,0,1,0,1,12,13,12
Chr9+20766606,LOC_Os09g36060,14,0,7,0,0,2,1,1,1,2,4,1
Chr9+21668197,LOC_Os09g37590,22,4,12,6,3,5,7,5,5,8,8,5
Chr9+21674236,LOC_Os09g37590,0,0,7,0,0,0,1,1,1,16,27,25
Chr9+21669672,LOC_Os09g37590,5,0,3,2,1,1,3,2,0,1,0,1
Chr9+21674381,LOC_Os09g37590,0,0,0,0,0,0,1,1,1,8,5,8
Chr10-1010532,LOC_Os10g02630,0,0,0,0,0,0,0,1,0,0,0,0
Chr10-1010250,LOC_Os10g02630,0,0,0,0,0,1,0,0,0,1,0,1
Chr10-1007664,LOC_Os10g02630,339,294,346,654,647,660,253,269,244,199,265,250
Chr10-1007989,LOC_Os10g02630,0,0,0,0,0,2,0,0,0,0,0,2
Chr10-1007585,LOC_Os10g02630,2,3,5,4,4,4,2,2,2,2,3,2
Chr10-1656947,LOC_Os10g03690,5,6,6,4,5,8,0,2,2,0,2,1
Chr10-1656775,LOC_Os10g03690,17,18,16,21,28,26,8,7,10,18,19,16
Chr10+1859884,LOC_Os10g04050,3,8,12,10,9,9,0,5,2,2,0,2
Chr10+1860706,LOC_Os10g04050,28,33,25,42,43,49,3,2,3,8,8,5
Chr10+1861986,LOC_Os10g04050,1,1,0,0,1,0,0,0,0,0,0,0
Chr10-5595770,LOC_Os10g10190,11,14,18,11,14,13,33,13,23,35,36,34
Chr10-5595951,LOC_Os10g10190,0,0,0,0,0,0,0,0,0,0,0,0
Chr10-6080392,LOC_Os10g10990,0,4,0,0,1,9,5,3,1,6,6,5
Chr10-6084404,LOC_Os10g10990,0,1,0,0,0,0,0,1,3,4,2,2
Chr10-6080043,LOC_Os10g10990,5,19,10,24,12,18,9,5,19,0,6,6
Chr10+7441146,LOC_Os10g13694,5,7,5,4,4,3,2,0,1,10,9,10
Chr10+7435564,LOC_Os10g13694,1,3,0,1,0,0,1,1,1,15,18,17
Chr10+7442296,LOC_Os10g13694,5,0,2,7,5,4,2,0,2,0,0,0
Chr10+7442172,LOC_Os10g13694,43,44,42,80,70,70,22,21,8,73,90,82
Chr10+7441925,LOC_Os10g13694,0,0,0,1,1,2,0,0,0,0,2,0
Chr10+7441823,LOC_Os10g13694,7,11,8,4,5,3,8,7,6,32,34,30
Chr10+7435674,LOC_Os10g13694,0,0,0,1,0,0,2,2,2,23,17,15
Chr10+7689791,LOC_Os10g14180,0,2,3,19,18,10,2,2,2,12,7,9
Chr10+7689694,LOC_Os10g14180,3,6,4,33,32,28,4,5,1,22,19,36
Chr10+7694616,LOC_Os10g14180,12,17,10,7,14,17,2,2,2,18,13,19
Chr10+7694459,LOC_Os10g14180,14,14,13,23,8,18,0,3,2,15,13,21
Chr10+7690935,LOC_Os10g14180,0,0,1,0,0,0,0,0,0,1,0,1
Chr10+7690851,LOC_Os10g14180,1,1,1,5,4,4,0,0,0,5,2,10
Chr10+8827894,LOC_Os10g17489,0,0,0,0,0,0,0,0,1,0,0,0
Chr10+8827750,LOC_Os10g17489,0,0,0,0,1,0,4,4,6,0,0,0
Chr10+8827695,LOC_Os10g17489,23,30,22,60,46,51,71,86,72,1,2,3
Chr10+8826518,LOC_Os10g17489,0,0,1,0,0,0,0,0,0,0,0,0
Chr10+9760570,LOC_Os10g19160,0,0,0,0,0,0,4,4,3,0,0,0
Chr10+9760105,LOC_Os10g19160,1,3,0,0,0,1,1,0,1,1,0,1
Chr10-10216070,LOC_Os10g20310,28,30,28,49,65,62,20,19,15,10,10,15
Chr10-10216272,LOC_Os10g20310,1,0,0,0,0,1,0,0,0,0,0,0
Chr10-10217555,LOC_Os10g20310,3,0,1,0,0,1,0,0,0,0,0,0
Chr10+10939619,LOC_Os10g21360,6,6,5,1,2,4,2,6,5,18,15,15
Chr10+10939127,LOC_Os10g21360,19,12,1,1,3,0,4,11,5,20,19,18
Chr10-12113419,LOC_Os10g23220,0,0,2,3,3,3,1,3,2,0,1,1
Chr10-12113671,LOC_Os10g23220,164,164,170,143,134,140,187,159,190,128,112,123
Chr10-14434210,LOC_Os10g27350,1,1,0,1,0,0,6,6,1,6,10,14
Chr10-14433996,LOC_Os10g27350,1,1,1,2,3,4,2,0,4,9,0,2
Chr10-14433939,LOC_Os10g27350,0,1,1,1,2,2,8,3,4,11,13,12
Chr10-14434091,LOC_Os10g27350,0,0,0,0,0,0,0,0,0,3,1,1
Chr10+14735849,LOC_Os10g28320,1,0,0,1,1,1,1,0,0,0,0,0
Chr10+14736607,LOC_Os10g28320,26,32,23,17,18,15,24,35,40,3,5,4
Chr10-15806659,LOC_Os10g30410,0,0,0,1,6,6,7,5,6,0,0,0
Chr10-15808091,LOC_Os10g30410,0,0,0,0,0,0,0,0,0,0,0,0
Chr10+16185233,LOC_Os10g31000,0,1,0,0,3,0,5,3,3,8,6,7
Chr10+16184930,LOC_Os10g31000,285,262,284,229,297,281,442,426,406,338,373,266
Chr10+16185132,LOC_Os10g31000,0,0,0,1,0,0,0,0,0,0,0,0
Chr10-17365233,LOC_Os10g33140,1,1,1,6,4,4,0,0,0,0,0,0
Chr10-17365058,LOC_Os10g33140,9,21,4,79,71,79,5,6,5,1,3,3
Chr10-18852127,LOC_Os10g35280,5,3,6,2,12,5,6,3,8,4,4,3
Chr10-18852306,LOC_Os10g35280,32,33,33,47,42,35,65,65,71,43,42,32
Chr10-20398744,LOC_Os10g38090,0,0,0,0,0,0,12,5,5,0,0,0
Chr10-20394794,LOC_Os10g38090,7,8,9,18,10,16,182,174,194,0,1,2
Chr10-20398654,LOC_Os10g38090,0,1,0,0,0,0,2,4,5,0,0,0
Chr10-20394583,LOC_Os10g38090,0,0,0,0,1,1,6,6,7,0,0,0
Chr10+21297464,LOC_Os10g39780,67,50,61,41,25,35,93,40,28,63,67,56
Chr10+21296001,LOC_Os10g39780,0,0,0,0,0,0,0,0,0,0,0,1
Chr10+21297186,LOC_Os10g39780,0,0,0,1,1,0,0,3,2,2,1,0
Chr10+21296057,LOC_Os10g39780,2,0,0,0,0,0,0,0,0,1,1,1
Chr10+21419826,LOC_Os10g39980,0,0,0,355,340,357,199,254,240,4,4,7
Chr10+21418944,LOC_Os10g39980,1,1,1,0,0,0,2,1,0,0,0,1
Chr10+21419454,LOC_Os10g39980,0,0,0,9,9,10,6,11,11,0,1,0
Chr10-22128462,LOC_Os10g41200,92,104,89,326,355,362,47,52,54,153,153,145
Chr10-22128231,LOC_Os10g41200,1,0,1,0,0,1,1,0,0,5,1,3
Chr10+22277853,LOC_Os10g41440,96,74,72,68,65,73,72,67,61,42,45,43
Chr10+22277999,LOC_Os10g41440,12,43,36,46,37,42,38,37,50,11,17,13
Chr10-22777648,LOC_Os10g42299,29,19,26,2,2,8,99,99,98,152,132,121
Chr10-22774960,LOC_Os10g42299,346,342,344,221,190,252,47,45,42,5,3,4
Chr10-22777387,LOC_Os10g42299,9,7,3,0,0,0,36,28,36,8,5,4
Chr10-22777155,LOC_Os10g42299,4,4,6,0,4,0,43,53,25,2,2,3
Chr10+22935980,LOC_Os10g42520,15,18,11,0,1,0,4,4,4,0,1,0
Chr10+22935741,LOC_Os10g42520,33,17,23,0,1,0,2,3,6,10,9,1
Chr10-23037176,LOC_Os10g42710,0,4,3,3,3,3,0,4,2,0,0,0
Chr10-23035366,LOC_Os10g42710,468,483,488,673,713,683,447,454,443,271,235,301
Chr10-23037915,LOC_Os10g42710,0,0,0,0,0,0,0,0,1,0,0,0
Chr11-304779,LOC_Os11g01530,0,1,0,30,28,35,2,2,2,16,9,15
Chr11-305061,LOC_Os11g01530,99,77,88,555,586,558,26,24,20,118,89,105
Chr11-306384,LOC_Os11g01530,2,3,1,0,1,0,0,0,0,0,0,0
Chr11-605820,LOC_Os11g02180,0,0,0,0,0,0,0,0,0,0,0,0
Chr11-602761,LOC_Os11g02180,0,0,1,0,0,0,0,0,0,1,0,0
Chr11-947702,LOC_Os11g02830,0,0,0,0,0,0,0,0,0,0,0,1
Chr11-947562,LOC_Os11g02830,4,2,3,0,1,0,2,2,3,1,1,2
Chr11+2237175,LOC_Os11g05100,1,4,1,1,1,1,2,4,2,0,1,0
Chr11+2239027,LOC_Os11g05100,57,56,77,26,28,29,63,36,69,36,73,67
Chr11+2239156,LOC_Os11g05100,0,2,0,2,2,1,0,0,0,2,1,2
Chr11+2238761,LOC_Os11g05100,2,3,2,0,0,0,3,2,3,2,1,2
Chr11-2748523,LOC_Os11g05870,7,6,4,4,4,3,9,9,16,7,16,12
Chr11-2746377,LOC_Os11g05870,61,70,62,33,35,36,56,54,57,61,62,61
Chr11-2748250,LOC_Os11g05870,0,0,1,1,0,0,2,1,0,1,0,1
Chr11+3338754,LOC_Os11g06810,4,1,5,0,4,3,3,2,4,7,8,8
Chr11+3338926,LOC_Os11g06810,6,7,6,1,8,6,16,11,16,11,16,11
Chr11+3339029,LOC_Os11g06810,3,4,2,2,2,1,3,2,3,4,2,2
Chr11+4091045,LOC_Os11g07912,0,0,0,0,0,0,0,0,0,1,0,1
Chr11+4090550,LOC_Os11g07912,21,21,18,1,0,0,55,65,65,95,96,104
Chr11-4866489,LOC_Os11g09140,112,99,98,35,41,29,78,77,78,31,39,37
Chr11-4866685,LOC_Os11g09140,0,0,0,0,0,0,0,0,0,0,0,0
Chr11-6204078,LOC_Os11g11210,0,0,0,0,0,0,0,0,0,14,11,15
Chr11-6202357,LOC_Os11g11210,0,0,1,0,0,0,1,1,1,0,0,1
Chr11-6204643,LOC_Os11g11210,0,0,0,5,5,6,1,2,0,3,18,11
Chr11-6204288,LOC_Os11g11210,0,0,0,9,3,10,2,3,1,9,17,14
Chr11-6201124,LOC_Os11g11210,32,27,25,15,14,11,3,1,3,2,2,1
Chr11-6201292,LOC_Os11g11210,20,22,21,2,3,1,3,0,4,2,0,1
Chr11-8169430,LOC_Os11g14544,0,0,0,3,5,3,1,1,2,1,1,1
Chr11-8169613,LOC_Os11g14544,0,0,0,4,2,3,1,2,3,2,3,6
Chr11-8163386,LOC_Os11g14544,160,145,142,506,516,536,125,175,155,326,319,318
Chr11-8165977,LOC_Os11g14544,0,0,0,0,0,0,0,0,0,0,0,0
Chr11-8163269,LOC_Os11g14544,6,1,1,0,1,0,0,0,0,1,1,3
Chr11+9810447,LOC_Os11g17600,1,1,0,0,0,0,1,0,0,28,29,29
Chr11+9810290,LOC_Os11g17600,0,0,0,0,0,0,0,0,0,15,15,15
Chr11+9810001,LOC_Os11g17600,7,5,6,4,2,2,4,3,5,363,389,366
Chr11+9806650,LOC_Os11g17600,1,1,1,0,0,0,0,1,0,0,2,2
Chr11+9809923,LOC_Os11g17600,1,0,0,2,2,2,0,0,0,44,44,52
Chr11+11411296,LOC_Os11g19800,11,10,7,7,12,14,4,18,9,8,8,8
Chr11+11411169,LOC_Os11g19800,23,31,33,45,43,37,21,20,15,51,53,49
Chr11+15462352,LOC_Os11g26910,1026,1017,1025,923,933,929,1050,1163,1338,1305,1197,1340
Chr11+15460358,LOC_Os11g26910,1,3,0,1,2,4,5,3,4,1,4,1
Chr11+15668262,LOC_Os11g27240,2,2,5,0,0,0,2,0,2,0,0,3
Chr11+15669323,LOC_Os11g27240,5,3,1,0,0,0,0,0,0,7,6,9
Chr11+15669104,LOC_Os11g27240,0,0,2,0,0,0,0,0,0,0,1,0
Chr11+17725679,LOC_Os11g30484,0,0,0,0,0,0,0,0,0,0,0,0
Chr11+17725443,LOC_Os11g30484,16,12,21,56,45,49,19,17,17,21,21,28
Chr11-19533690,LOC_Os11g33050,5,7,2,3,2,4,7,9,11,13,13,9
Chr11-19533619,LOC_Os11g33050,8,6,7,7,9,17,8,10,22,12,10,17
Chr11-19956771,LOC_Os11g34110,104,132,82,26,23,11,2,14,13,54,64,57
Chr11-19961262,LOC_Os11g34110,1,1,0,0,0,0,0,0,0,2,0,1
Chr11-20030035,LOC_Os11g34210,5,3,7,1,0,3,0,0,0,2,1,3
Chr11-20029922,LOC_Os11g34210,200,196,190,30,25,29,45,33,38,47,36,38
Chr11+23217430,LOC_Os11g38990,62,68,54,47,47,43,79,84,100,41,57,45
Chr11+23215966,LOC_Os11g38990,1,1,2,0,0,1,0,0,0,3,2,0
Chr11-26553199,LOC_Os11g43970,0,1,0,4,7,6,3,2,1,32,38,20
Chr11-26563294,LOC_Os11g43970,3,5,5,3,11,8,4,5,3,2,3,1
Chr11-26553039,LOC_Os11g43970,119,128,113,210,178,176,142,96,140,196,187,170
Chr12-954490,LOC_Os12g02720,0,1,3,3,2,6,4,2,1,3,7,3
Chr12-954320,LOC_Os12g02720,0,0,0,0,0,0,0,0,1,2,1,2
Chr12+1807491,LOC_Os12g04260,50,35,30,7,6,5,3,3,6,23,15,20
Chr12+1807390,LOC_Os12g04260,1,0,0,0,0,0,1,0,0,0,0,0
Chr12-2012887,LOC_Os12g04740,12,9,18,12,15,8,29,27,26,6,2,3
Chr12-2013584,LOC_Os12g04740,0,0,0,0,0,0,0,1,1,0,0,0
Chr12-2012992,LOC_Os12g04740,13,11,12,7,10,11,21,23,25,9,9,10
Chr12-2215942,LOC_Os12g05050,698,629,755,1118,1173,1142,732,918,745,32,37,31
Chr12-2215820,LOC_Os12g05050,0,0,0,0,0,0,3,1,3,0,0,0
Chr12+3283204,LOC_Os12g06740,12,15,10,18,14,14,7,8,5,14,12,10
Chr12+3283410,LOC_Os12g06740,1,4,0,0,2,2,1,1,3,2,0,4
Chr12+3282349,LOC_Os12g06740,49,50,18,22,36,23,13,26,11,22,16,20
Chr12+3282174,LOC_Os12g06740,1,1,1,1,0,0,1,1,1,1,2,0
Chr12+3283710,LOC_Os12g06740,1,1,1,1,0,0,0,0,0,0,0,0
Chr12+3749505,LOC_Os12g07530,2,0,1,0,0,3,2,1,2,2,1,2
Chr12+3746719,LOC_Os12g07530,0,0,0,0,0,0,0,0,0,0,0,0
Chr12+3749396,LOC_Os12g07530,39,35,35,45,47,67,34,38,34,50,47,45
Chr12+4047258,LOC_Os12g07970,66,75,72,38,40,41,76,84,76,30,25,19
Chr12+4045378,LOC_Os12g07970,0,0,0,0,1,0,0,0,0,0,1,1
Chr12+6613717,LOC_Os12g12080,0,0,0,0,0,0,0,0,0,0,0,0
Chr12+6614674,LOC_Os12g12080,1,0,2,0,1,0,1,0,2,0,0,0
Chr12+6896836,LOC_Os12g12514,16,16,17,5,3,3,1,2,2,0,0,0
Chr12+6893643,LOC_Os12g12514,1,1,1,0,0,0,0,1,0,0,0,0
Chr12+9365201,LOC_Os12g16350,112,82,100,95,98,98,91,101,98,133,126,135
Chr12+9353036,LOC_Os12g16350,0,1,0,0,1,0,0,0,0,1,1,0
Chr12+9353561,LOC_Os12g16350,0,0,0,0,0,0,0,0,0,0,0,0
Chr12+9355781,LOC_Os12g16350,0,0,0,0,0,1,0,0,0,0,0,0
Chr12+9365494,LOC_Os12g16350,169,107,130,195,200,200,135,147,143,150,121,141
Chr12+9360849,LOC_Os12g16350,0,0,0,0,0,1,0,0,0,0,0,0
Chr12+9357549,LOC_Os12g16350,0,0,0,0,0,0,0,0,0,0,0,0
Chr12-10454469,LOC_Os12g18130,7,4,8,6,7,11,2,1,5,23,19,20
Chr12-10457007,LOC_Os12g18130,3,0,1,0,0,0,0,0,0,15,13,10
Chr12-10457465,LOC_Os12g18130,0,0,0,0,0,0,0,0,0,4,5,6
Chr12-10454645,LOC_Os12g18130,0,0,0,2,1,1,0,0,0,5,4,6
Chr12-10468305,LOC_Os12g18150,24,17,24,9,8,8,16,21,13,5,4,10
Chr12-10468185,LOC_Os12g18150,6,3,6,0,0,0,11,9,9,0,0,1
Chr12-11194013,LOC_Os12g19304,46,50,47,51,48,50,19,21,20,23,8,18
Chr12-11198317,LOC_Os12g19304,0,0,2,0,0,0,2,2,3,3,1,0
Chr12-11196962,LOC_Os12g19304,0,2,3,0,0,0,0,0,0,0,0,0
Chr12-11201831,LOC_Os12g19304,13,12,15,1,2,3,1,1,2,1,0,1
Chr12+11321756,LOC_Os12g19470,44,46,40,6,3,8,0,0,1,0,0,0
Chr12+11321355,LOC_Os12g19470,7571,6153,6746,1032,1008,1050,27,29,33,152,124,121
Chr12+11322506,LOC_Os12g19470,802,880,825,256,222,247,5,6,7,3,3,5
Chr12+12207528,LOC_Os12g21710,4,3,2,2,6,2,3,1,3,2,2,1
Chr12+12207877,LOC_Os12g21710,2,0,0,1,0,0,1,0,0,0,0,0
Chr12+12207782,LOC_Os12g21710,0,0,0,0,0,0,0,0,0,0,1,0
Chr12+12207625,LOC_Os12g21710,52,55,57,36,39,32,19,17,19,12,11,11
Chr12-13815960,LOC_Os12g24250,0,0,0,0,0,0,0,0,1,3,4,2
Chr12-13828653,LOC_Os12g24250,5,2,5,0,0,0,0,1,0,1,1,1
Chr12-13815588,LOC_Os12g24250,15,17,19,5,9,7,13,15,20,14,14,12
Chr12-13815787,LOC_Os12g24250,89,104,101,47,49,55,128,122,87,123,117,98
Chr12+14057489,LOC_Os12g24580,11,14,15,0,0,1,17,26,17,0,1,0
Chr12+14057369,LOC_Os12g24580,64,66,92,23,27,40,149,136,153,6,6,5
Chr12-17406580,LOC_Os12g29340,13,12,10,28,19,21,43,38,42,84,98,89
Chr12-17406833,LOC_Os12g29340,35,32,42,42,42,40,29,75,72,17,19,22
Chr12-17406245,LOC_Os12g29340,0,0,0,0,0,0,0,0,0,5,4,0
Chr12-17406200,LOC_Os12g29340,0,2,0,1,0,0,1,3,3,3,5,8
Chr12+18005089,LOC_Os12g30060,23,10,15,55,53,55,43,40,43,50,41,64
Chr12+18005230,LOC_Os12g30060,4,0,1,7,6,6,2,3,4,2,2,2
Chr12+19537195,LOC_Os12g32380,0,0,0,0,0,0,1,2,1,0,0,0
Chr12+19538293,LOC_Os12g32380,652,657,599,374,330,420,1042,1282,1142,458,406,455
Chr12+19612842,LOC_Os12g32499,0,0,0,0,0,0,0,0,0,3,2,3
Chr12+19622926,LOC_Os12g32499,0,0,0,1,0,0,0,0,0,10,23,12
Chr12+19613073,LOC_Os12g32499,0,0,0,0,0,0,0,0,0,1,6,4
Chr12+19619245,LOC_Os12g32499,0,0,0,0,0,0,0,0,0,4,4,3
Chr12+19622888,LOC_Os12g32499,0,0,0,0,0,0,0,0,0,4,3,1
Chr12+19620235,LOC_Os12g32499,0,0,0,0,0,0,0,0,0,0,0,0
Chr12+19637033,LOC_Os12g32536,1,4,1,6,7,3,1,0,0,11,5,8
Chr12+19637926,LOC_Os12g32536,31,26,27,47,46,46,15,12,10,79,85,60
Chr12+19637741,LOC_Os12g32536,1,0,2,2,3,1,1,1,2,4,6,6
Chr12+21639086,LOC_Os12g35580,135,136,127,101,80,103,62,70,70,51,41,42
Chr12+21639407,LOC_Os12g35580,0,0,0,1,0,1,0,0,0,1,0,0
Chr12+21638270,LOC_Os12g35580,16,13,19,2,5,0,6,4,8,24,23,15
Chr12+21639209,LOC_Os12g35580,22,15,17,11,12,11,10,10,19,10,10,11
Chr12+22599177,LOC_Os12g36870,5,2,3,2,0,1,0,0,0,5,7,3
Chr12+22598292,LOC_Os12g36870,7,12,2,5,4,2,0,0,0,3,3,2
Chr12+22598946,LOC_Os12g36870,4,4,4,6,2,0,0,0,0,11,4,5
Chr12-23307979,LOC_Os12g37939,44,55,38,52,43,47,57,59,58,43,38,39
Chr12-23311351,LOC_Os12g37939,2,5,3,1,3,2,0,2,6,4,6,10
Chr12-23313189,LOC_Os12g37939,3,4,3,11,7,7,4,2,3,3,5,5
Chr12-23313380,LOC_Os12g37939,0,0,0,1,1,1,1,1,0,0,0,0
Chr12-23307912,LOC_Os12g37939,59,58,67,35,32,31,49,65,89,23,35,25
Chr12-23308079,LOC_Os12g37939,0,0,1,0,0,0,0,2,1,0,0,0
Chr12-23313480,LOC_Os12g37939,0,0,0,2,3,1,1,0,1,3,1,1
Chr12-23314403,LOC_Os12g37939,0,0,0,0,0,0,0,1,0,0,0,0
Chr12+23637533,LOC_Os12g38490,65,48,68,102,99,106,57,63,61,38,30,34
Chr12+23637140,LOC_Os12g38490,24,21,27,49,41,53,81,78,52,19,19,20
Chr12+24934775,LOC_Os12g40279,2,3,2,3,1,0,3,3,3,1,2,0
Chr12+24943616,LOC_Os12g40279,94,45,94,75,75,66,41,38,37,65,54,58
Chr12+24925960,LOC_Os12g40279,0,0,0,0,0,1,0,0,0,0,0,0
Chr12+24950649,LOC_Os12g40279,48,50,48,94,92,95,56,48,46,160,160,180
Chr12-26629913,LOC_Os12g42860,7,10,8,4,4,5,7,2,7,7,4,5
Chr12-26630080,LOC_Os12g42860,316,266,272,250,266,250,193,189,157,186,181,181
Chr12-27028041,LOC_Os12g43560,6,4,4,1,0,1,3,3,5,0,0,0
Chr12-27025539,LOC_Os12g43560,25,21,21,5,7,7,7,8,6,2,8,5
Chr12-27025466,LOC_Os12g43560,212,199,183,57,64,51,98,112,116,61,60,61
Chr12-27295600,LOC_Os12g44000,0,0,0,0,0,0,0,0,0,0,0,0
Chr12-27295464,LOC_Os12g44000,41,47,42,48,44,44,53,72,66,88,90,71
