chrstrandcoord,gene,dry_seed1,dry_seed2,dry_seed3,endosperm1,endosperm2,endosperm3,imbibed_seed1,imbibed_seed2,imbibed_seed3,shoot1,shoot2,shoot3,leaf_20days1,leaf_20days2,leaf_20days3,leaf_60days1,leaf_60days2,leaf_60days3,stem_60days1,stem_60days2,stem_60days3,root_5days1,root_5days2,root_5days3,root_60days1,root_60days2,root_60days3,husk1,husk2,husk3,anther1,anther2,anther3,mature_pollen1,mature_pollen2,mature_pollen3,pistil1,pistil2,pistil3,embryo1,embryo2,embryo3
Chr1-1174704,LOC_Os01g03070,46,10,47,15,22,3,67,26,15,22,18,9,7,7,5,15,22,28,22,16,14,13,63,131,6,26,21,33,30,36,84,42,24,3,7,6,39,27,1,27,16,28
Chr1-1173237,LOC_Os01g03070,6,3,1,1,5,10,0,0,1,1,1,1,0,1,0,0,0,0,2,2,2,5,6,4,2,1,2,5,5,5,2,1,2,0,0,0,3,4,1,19,12,12
Chr1-1174951,LOC_Os01g03070,163,248,122,109,181,56,175,215,102,85,132,104,59,60,80,50,54,62,62,71,77,172,170,182,77,98,100,203,217,185,143,69,101,21,26,2,140,104,121,162,311,278
Chr1-1172599,LOC_Os01g03070,45,10,18,20,12,8,10,13,15,18,6,22,5,5,2,7,8,9,11,8,8,9,31,25,0,4,9,21,11,20,23,34,14,12,9,12,33,29,19,27,22,19
Chr1-1174111,LOC_Os01g03070,1,5,3,2,1,0,0,0,2,0,1,1,0,0,0,0,0,0,1,1,1,2,3,0,1,1,1,9,9,8,6,2,6,0,0,0,1,1,2,5,0,2
Chr1-1171901,LOC_Os01g03070,142,234,67,173,181,145,303,226,198,197,197,192,124,217,3,106,104,74,181,186,195,226,229,235,152,162,174,127,184,126,165,160,152,65,0,31,246,261,260,373,357,356
Chr1+1748439,LOC_Os01g04020,840,914,833,1097,1257,1230,6123,4155,3742,702,567,534,919,910,904,1945,1866,2060,2343,2193,2665,544,590,585,487,551,529,1497,1344,1731,1255,1261,1235,1373,1445,785,1835,2425,1924,1451,1446,1418
Chr1+1747007,LOC_Os01g04020,16,2,1,2,6,2,4,1,8,3,6,4,8,1,10,3,5,5,6,8,10,0,1,0,7,4,7,5,5,4,7,3,6,0,0,0,13,5,2,1,7,16
Chr1+2637830,LOC_Os01g05530,21,30,34,7,19,43,31,29,32,100,110,103,27,29,49,29,42,32,39,37,36,74,82,83,69,22,46,52,49,49,83,63,104,11,1,2,87,91,73,70,78,44
Chr1+2638097,LOC_Os01g05530,2,5,1,0,0,0,9,10,11,5,25,11,6,11,10,12,5,0,4,5,9,28,26,28,6,4,5,14,4,18,18,13,8,0,0,0,12,12,11,0,4,5
Chr1+4907092,LOC_Os01g09570,1,2,1,3,0,4,0,2,5,0,0,0,0,6,3,1,1,1,1,1,2,1,6,2,5,6,6,2,6,6,3,0,0,0,0,0,4,1,5,3,3,3
Chr1+4909380,LOC_Os01g09570,199,221,203,178,138,116,91,120,131,136,136,170,551,607,568,250,340,296,168,167,168,188,224,205,216,173,134,202,247,245,70,103,87,44,101,32,128,144,143,226,224,192
Chr1+5412761,LOC_Os01g10280,0,0,0,0,0,0,1,2,0,0,0,0,0,0,0,1,1,1,1,1,3,2,2,1,0,1,1,0,0,0,0,0,0,1,4,0,2,4,6,2,1,0
Chr1+5412697,LOC_Os01g10280,9,13,0,3,3,11,4,2,2,0,2,0,0,0,1,4,2,6,0,1,0,0,3,0,0,1,1,10,5,0,0,2,0,0,0,0,0,1,2,10,10,10
Chr1+5412511,LOC_Os01g10280,1,1,1,2,3,1,0,1,3,1,0,9,4,1,0,3,4,3,2,2,3,6,3,4,5,3,2,0,3,4,0,1,2,1,8,4,3,6,14,1,1,1
Chr1-8413904,LOC_Os01g15010,328,247,407,509,464,487,520,533,577,150,157,160,246,242,309,108,113,116,166,166,172,258,250,231,171,183,191,282,275,274,126,117,121,81,150,121,154,134,157,449,453,427
Chr1-8418112,LOC_Os01g15010,1,4,2,1,0,1,2,5,1,2,2,0,0,0,0,0,0,0,0,0,0,0,0,0,1,1,1,0,16,8,2,1,2,0,0,0,2,3,2,4,4,2
Chr1-8414591,LOC_Os01g15010,7,9,12,5,6,0,1,1,2,0,0,0,0,0,0,0,0,0,0,0,0,0,0,0,0,0,0,0,0,0,0,1,0,0,0,0,0,0,0,3,4,2
Chr1+8763456,LOC_Os01g15600,307,304,393,329,370,281,301,281,299,313,215,340,181,175,181,190,189,222,171,191,160,308,306,305,246,257,203,247,255,246,124,130,113,165,82,139,188,208,183,236,236,236
Chr1+8763772,LOC_Os01g15600,11,11,10,19,22,28,7,3,7,1,3,3,3,5,7,12,9,9,6,5,6,8,15,14,11,6,6,0,5,3,0,1,0,0,0,0,1,1,1,27,8,22
Chr1+8792379,LOC_Os01g15630,308,356,351,383,354,367,153,166,170,117,117,115,229,226,214,203,202,195,154,149,180,147,137,152,219,218,213,150,152,155,170,130,142,13,78,48,168,218,191,321,318,319
Chr1+8787268,LOC_Os01g15630,4,0,6,6,3,1,1,0,0,0,0,0,0,0,0,0,0,0,1,1,0,0,0,0,0,0,1,0,0,0,0,0,0,0,0,0,0,0,0,1,1,2
Chr1+8791159,LOC_Os01g15630,6,6,6,18,24,25,0,0,0,0,0,0,0,0,0,0,0,0,0,0,0,0,0,0,1,5,4,0,0,0,0,0,1,0,0,0,0,0,0,4,9,9
Chr1+16056254,LOC_Os01g28680,17,19,14,19,19,26,27,14,25,69,100,93,259,210,256,468,462,528,167,124,169,164,181,136,278,323,402,138,134,129,37,42,34,28,106,32,9,14,8,17,16,15
Chr1+16053083,LOC_Os01g28680,0,0,0,0,0,0,0,0,2,0,2,1,3,3,4,4,5,5,0,1,1,3,0,1,3,3,6,1,0,1,0,0,0,0,2,1,0,0,0,0,0,0
Chr1+16047519,LOC_Os01g28680,0,1,0,0,0,0,0,0,0,5,5,4,8,5,6,4,5,0,1,0,0,0,1,0,0,0,0,0,0,0,0,0,1,0,1,0,1,0,0,0,0,0
Chr1+16056051,LOC_Os01g28680,2,3,0,1,3,3,0,0,1,1,3,2,8,0,11,6,10,4,2,11,4,4,4,4,7,7,2,3,2,1,0,0,0,0,2,1,0,0,1,2,0,3
Chr1+16051023,LOC_Os01g28680,0,0,0,0,0,0,1,0,2,0,0,0,3,0,2,1,2,0,0,0,0,0,1,1,5,5,2,1,1,1,0,1,0,0,0,0,0,0,0,0,0,0
Chr1-22918824,LOC_Os01g40590,35,12,18,32,22,4,22,23,26,31,20,22,7,9,1,9,16,6,19,53,44,10,14,21,17,21,44,68,75,55,27,25,26,52,18,46,137,127,126,46,47,46
Chr1-22918920,LOC_Os01g40590,25,22,14,3,19,12,32,26,30,39,35,36,18,36,15,15,6,20,68,61,69,26,22,21,19,39,26,54,69,35,28,32,22,5,97,15,90,105,114,27,29,27
Chr1-22918521,LOC_Os01g40590,7,8,8,4,13,5,10,9,9,4,8,8,2,0,2,6,9,16,15,11,12,7,6,8,10,9,7,12,11,11,6,7,10,0,3,6,8,7,7,11,12,15
Chr1+25138117,LOC_Os01g43870,44,29,35,78,59,37,151,98,115,103,96,83,358,322,342,235,275,324,134,143,130,45,51,50,143,166,179,128,139,121,146,162,152,25,71,64,148,162,147,15,15,13
Chr1+25136387,LOC_Os01g43870,14,12,13,6,3,14,10,2,12,1,1,1,1,1,3,10,5,7,5,4,4,0,0,0,14,28,16,0,1,0,0,0,2,0,0,0,0,5,5,4,2,3
Chr1-26033155,LOC_Os01g45830,0,0,2,0,0,0,1,0,0,3,3,3,6,2,5,1,2,3,1,3,2,7,4,0,0,2,5,3,4,6,1,1,1,5,4,2,0,0,1,2,0,2
Chr1-26033273,LOC_Os01g45830,9,12,9,17,32,24,5,7,7,3,6,9,7,1,7,9,17,18,27,33,32,21,19,20,21,20,19,0,14,5,8,9,7,38,130,77,10,11,12,12,13,10
Chr1-26032898,LOC_Os01g45830,0,0,0,0,0,0,3,1,1,0,1,1,2,0,3,3,3,7,3,0,1,6,1,3,1,0,1,0,0,0,0,0,1,0,0,0,0,0,0,0,0,0
Chr1-28099906,LOC_Os01g48960,3,3,1,4,4,3,6,12,6,5,4,22,2,0,0,0,0,0,4,3,0,21,5,0,11,1,9,0,2,0,1,5,9,10,24,22,1,5,4,5,5,5
Chr1-28102214,LOC_Os01g48960,0,0,0,0,0,0,1,0,2,0,0,0,0,0,0,0,0,0,2,1,2,0,0,1,6,6,5,1,0,0,1,0,1,0,0,0,0,0,0,0,0,0
Chr1-28091212,LOC_Os01g48960,206,219,174,259,300,239,844,901,1040,497,479,548,106,122,122,91,75,48,139,197,174,407,441,493,452,456,499,201,146,200,794,622,883,539,568,429,146,132,141,110,117,70
Chr1-28091086,LOC_Os01g48960,0,0,0,3,2,0,1,2,0,0,1,1,0,0,0,1,0,0,0,0,0,1,0,0,2,2,2,4,3,2,2,2,2,4,1,2,0,0,0,0,0,0
Chr1-31741622,LOC_Os01g55170,316,269,231,53,39,51,90,75,77,1,1,1,0,0,0,0,10,0,17,17,14,1,0,0,1,3,3,5,8,8,3,3,2,1,0,1,31,36,28,305,351,293
Chr1-31738282,LOC_Os01g55170,6,5,4,1,1,2,16,8,7,0,0,0,0,0,0,0,0,0,1,0,1,0,0,0,0,0,0,0,0,0,1,0,1,0,0,1,0,0,0,5,4,4
Chr1-31738106,LOC_Os01g55170,20,13,6,6,2,7,2,1,3,0,0,1,3,2,2,1,1,2,1,1,1,0,0,0,2,0,2,7,1,3,1,2,0,0,0,0,1,4,5,7,8,8
Chr1-31737906,LOC_Os01g55170,12,18,4,17,20,20,0,0,5,2,0,0,1,3,3,2,3,0,1,4,4,0,0,1,3,1,2,4,4,3,3,4,3,0,1,1,3,5,2,18,19,16
Chr1+32225025,LOC_Os01g55940,6,1,1,15,6,9,16,3,26,2,1,0,15,9,1,28,32,25,58,62,61,36,44,38,39,44,45,54,50,58,162,146,163,1862,386,386,6,3,9,0,0,0
Chr1+32222296,LOC_Os01g55940,0,0,0,0,0,0,0,2,2,0,0,0,0,0,0,3,0,5,4,3,2,0,0,0,0,0,0,4,0,2,1,0,1,0,0,0,0,0,0,1,2,1
Chr1+32225263,LOC_Os01g55940,0,0,0,0,0,0,0,0,0,0,0,0,0,0,0,0,0,0,0,0,0,1,1,1,0,0,1,0,0,0,1,1,1,1,21,130,0,0,0,0,0,0
Chr1+32224974,LOC_Os01g55940,5,6,6,6,4,6,33,44,53,3,2,3,8,9,10,24,32,35,127,149,146,28,46,60,52,47,51,72,88,88,158,129,172,1368,226,649,10,9,11,0,0,0
Chr1+32225327,LOC_Os01g55940,0,0,0,0,0,0,0,0,0,0,0,0,0,0,0,0,0,0,0,0,0,0,0,1,0,0,0,0,0,1,0,2,1,19,10,0,0,0,0,0,0,0
Chr1-32675900,LOC_Os01g56640,8,7,6,5,3,3,7,3,7,5,3,3,10,13,14,11,17,16,8,8,10,3,3,4,4,4,7,2,5,1,5,4,3,22,53,20,3,2,2,3,3,3
Chr1-32676197,LOC_Os01g56640,21,1,1,1,4,7,1,1,0,0,0,0,0,0,0,0,0,0,1,1,1,0,0,0,0,0,0,1,1,1,0,2,2,0,0,0,0,1,1,2,2,0
Chr1-32676121,LOC_Os01g56640,10,7,6,0,6,6,4,2,0,2,0,0,0,0,0,1,0,1,0,0,1,1,1,0,0,0,0,0,0,0,0,1,0,0,0,0,1,0,1,8,9,8
Chr1-32676327,LOC_Os01g56640,24,33,33,42,35,34,19,1,21,5,4,12,30,18,15,8,15,11,8,6,8,6,4,12,2,10,13,1,15,16,8,7,2,4,3,6,16,14,19,38,36,36
Chr1-32676066,LOC_Os01g56640,34,31,20,21,17,11,14,23,37,14,22,20,24,21,41,37,21,31,6,19,18,8,11,12,4,8,7,13,13,13,12,6,7,7,6,4,27,33,25,22,22,18
Chr1+33914622,LOC_Os01g58670,51,56,55,48,52,36,20,6,5,0,1,2,0,0,0,0,0,0,0,0,0,4,5,1,0,1,0,0,0,0,3,0,1,0,0,0,0,0,0,52,58,73
Chr1+33915420,LOC_Os01g58670,5,3,7,9,8,10,0,0,0,0,0,0,0,0,0,0,0,0,0,0,0,0,0,0,0,0,0,0,0,0,0,0,0,29,12,3,0,0,0,9,10,8
Chr1+33918601,LOC_Os01g58670,158,158,171,230,306,303,58,69,72,5,2,5,0,0,0,0,0,0,0,0,0,11,13,11,0,0,0,0,0,0,14,10,10,8,19,14,0,0,0,110,105,100
Chr1-35514256,LOC_Os01g61420,0,3,7,0,0,0,0,0,0,0,0,0,0,0,0,0,2,0,0,0,0,0,0,0,0,0,0,0,0,0,0,0,0,4,27,4,0,0,0,0,0,1
Chr1-35513520,LOC_Os01g61420,3,3,3,2,1,3,5,0,4,2,2,1,8,10,7,2,3,4,2,1,2,6,2,1,0,0,0,0,0,1,0,1,2,2,11,1,1,1,1,1,1,1
Chr1-35513647,LOC_Os01g61420,18,2,3,0,2,0,4,6,3,1,2,4,7,5,10,5,1,2,3,7,7,1,2,0,0,0,0,2,2,2,2,1,1,19,27,8,1,1,1,7,8,6
Chr1-35516422,LOC_Os01g61420,3,1,0,8,5,4,0,3,0,0,0,0,0,0,0,0,0,0,0,0,0,0,0,1,0,0,0,0,0,0,0,0,0,19,22,48,0,0,1,1,7,3
Chr1-35514137,LOC_Os01g61420,5,1,0,0,1,1,2,2,0,0,0,0,1,2,0,0,0,0,0,0,0,0,0,0,0,0,0,0,0,0,0,0,0,0,0,0,1,2,1,1,2,1
Chr1-35513423,LOC_Os01g61420,1,2,1,0,0,4,1,1,1,1,1,0,1,3,4,0,4,7,1,1,2,3,2,2,1,1,2,0,0,1,2,2,3,0,0,0,1,1,2,0,1,0
Chr1-35515371,LOC_Os01g61420,33,29,22,20,33,20,62,14,29,61,63,58,50,43,53,36,43,28,43,47,40,40,40,41,41,37,24,30,32,34,27,32,32,781,845,717,62,69,48,21,21,21
Chr1+36358535,LOC_Os01g62780,27,26,9,12,46,19,4,6,0,1,12,5,10,15,18,20,12,28,16,15,14,8,9,8,6,3,5,14,19,18,18,16,17,2,3,15,13,15,15,21,20,18
Chr1+36358627,LOC_Os01g62780,30,29,30,43,23,15,16,26,11,46,33,68,66,52,54,74,57,52,40,42,51,32,49,43,22,24,25,54,42,63,37,32,39,9,2,0,34,29,39,7,8,16
Chr1-37043633,LOC_Os01g63854,7,10,7,14,12,6,2,8,1,87,68,89,144,164,135,71,75,141,69,47,64,117,94,169,41,82,32,61,61,67,59,80,96,51,51,54,62,72,62,3,3,4
Chr1-37049115,LOC_Os01g63854,1,0,0,2,2,16,2,0,2,26,27,28,21,21,20,20,20,14,17,17,16,31,72,39,15,14,14,13,12,13,18,15,17,1,4,3,7,28,5,1,1,1
Chr1-37043453,LOC_Os01g63854,0,0,0,0,2,1,0,0,0,6,4,8,4,3,0,10,13,19,3,1,3,2,7,5,1,7,5,2,2,0,4,7,5,0,0,0,3,0,2,0,1,0
Chr1-37048182,LOC_Os01g63854,1,1,0,0,0,0,0,0,0,0,0,0,0,0,0,0,0,0,0,0,1,0,0,0,0,1,0,0,0,0,0,0,0,13,3,2,0,0,0,0,0,0
Chr1-37048729,LOC_Os01g63854,0,2,2,0,3,0,0,0,0,0,0,0,0,1,0,1,3,1,1,1,0,3,3,3,0,0,0,1,1,2,3,1,1,0,0,0,1,0,0,1,0,0
Chr1-37527313,LOC_Os01g64690,0,0,0,5,2,7,2,0,0,0,0,0,0,0,0,3,3,5,1,0,0,3,3,2,3,2,1,0,0,0,0,0,0,0,0,0,3,2,2,0,0,0
Chr1-37527409,LOC_Os01g64690,106,43,113,81,93,120,89,84,82,109,100,98,92,86,82,90,97,92,57,80,69,145,173,163,106,107,107,105,87,117,55,63,80,72,78,74,109,134,97,130,120,123
Chr1+37840289,LOC_Os01g65210,0,0,0,0,0,0,0,0,0,28,36,51,0,0,0,2,0,2,1,0,0,3,5,1,2,3,0,1,0,0,0,3,0,53,91,26,1,1,2,0,0,0
Chr1+37840366,LOC_Os01g65210,0,0,0,7,6,4,0,0,0,90,97,84,2,2,2,0,5,7,5,4,5,14,14,17,2,2,1,7,7,5,0,1,1,0,0,0,3,3,2,0,0,0
Chr1-39690168,LOC_Os01g68320,1,0,0,3,11,4,0,0,1,1,0,0,1,0,0,0,0,1,0,0,0,0,0,0,0,0,0,2,1,0,1,1,1,28,3,11,1,0,2,1,0,1
Chr1-39689371,LOC_Os01g68320,4,0,11,5,3,4,0,0,0,1,0,0,0,0,0,0,0,0,0,0,0,0,0,0,0,0,0,0,0,0,0,0,0,0,0,0,0,0,0,0,7,2
Chr1-39688324,LOC_Os01g68320,1136,1113,1081,919,946,975,1690,736,1127,320,350,340,617,628,719,985,923,938,711,639,728,198,218,250,893,914,887,426,460,398,524,512,506,333,288,189,672,784,679,930,939,921
Chr1-39690099,LOC_Os01g68320,8,0,3,0,0,0,7,7,2,0,1,5,0,0,0,1,0,0,0,0,0,2,2,2,7,3,6,0,2,2,2,1,3,59,22,2,0,1,2,0,3,3
Chr1-39689920,LOC_Os01g68320,1,26,1,7,1,2,4,2,2,0,0,0,0,0,0,1,2,0,0,0,0,0,4,1,4,0,3,0,0,0,2,1,0,0,0,0,1,2,1,1,1,1
Chr1+39863436,LOC_Os01g68640,0,7,1,4,4,4,0,0,0,0,0,0,0,0,0,0,0,0,1,1,0,0,2,2,2,1,2,6,9,5,12,7,16,2,9,2,3,3,4,2,1,1
Chr1+39863578,LOC_Os01g68640,1,1,3,0,0,0,8,12,6,2,7,12,0,7,0,0,0,0,3,1,1,3,3,2,4,2,5,6,5,5,5,8,6,0,0,0,6,5,3,1,2,1
Chr1-40496188,LOC_Os01g70010,23,38,35,31,20,34,21,22,26,6,7,8,1,4,15,22,13,9,14,14,13,8,9,7,1,4,5,19,0,0,14,20,19,25,68,53,19,13,18,105,82,73
Chr1-40497684,LOC_Os01g70010,0,1,0,0,0,0,0,4,2,1,0,2,0,0,0,0,2,0,0,0,0,1,0,0,1,1,1,0,0,0,0,0,1,0,0,0,2,2,2,1,2,0
Chr1+41819287,LOC_Os01g72080,94,86,80,97,77,74,153,204,166,332,268,353,358,355,350,630,496,663,458,463,462,299,303,302,1353,1284,1376,1795,1881,1445,811,852,781,3084,1430,4905,1552,1468,1498,29,40,27
Chr1+41819758,LOC_Os01g72080,6,0,3,5,2,0,2,3,0,0,0,0,0,0,0,1,0,2,0,0,0,0,1,1,2,1,0,3,2,2,0,4,1,0,0,0,0,0,0,1,1,3
Chr1-42163746,LOC_Os01g72670,10,7,11,3,15,9,0,5,5,0,0,0,0,4,3,0,0,0,0,1,2,0,0,0,0,0,0,0,0,0,0,0,0,44,11,70,0,1,0,2,3,5
Chr1-42162385,LOC_Os01g72670,0,0,0,0,0,3,3,0,3,0,1,0,9,5,4,4,1,5,7,9,6,0,0,0,1,0,2,7,5,7,4,1,1,12,9,1,3,4,3,1,1,0
Chr1-42162600,LOC_Os01g72670,39,36,22,43,43,33,14,10,10,1,2,1,0,1,16,36,31,37,54,62,51,1,3,2,1,4,6,34,35,35,52,58,49,40,0,15,43,53,48,10,17,14
Chr1-42774875,LOC_Os01g73840,0,0,1,0,0,0,7,11,18,5,11,8,0,1,2,0,0,0,6,4,6,8,8,8,2,2,3,30,29,26,137,108,147,65,31,120,23,23,25,14,13,15
Chr1-42775037,LOC_Os01g73840,4,3,2,0,0,0,3,2,1,2,2,2,0,0,0,0,0,0,0,0,0,0,4,1,0,2,0,7,5,8,68,56,36,325,84,116,9,9,3,7,5,4
Chr1-42775253,LOC_Os01g73840,0,0,0,0,0,0,0,0,0,0,0,0,0,0,0,0,0,0,0,0,0,0,0,0,0,0,0,0,0,0,0,0,0,17,19,26,0,0,0,0,0,0
Chr2+403412,LOC_Os02g01720,72,69,65,44,33,40,70,83,83,162,172,149,293,397,331,235,221,205,206,155,185,104,110,97,65,73,49,100,96,107,186,165,198,215,214,186,56,55,50,40,40,40
Chr2+403730,LOC_Os02g01720,11,8,10,23,25,19,2,4,4,2,4,10,5,1,6,5,4,4,3,1,0,3,4,0,2,2,1,1,5,1,5,5,4,0,1,0,2,2,0,12,13,15
Chr2+748340,LOC_Os02g02275,2,1,1,0,0,0,0,0,0,1,2,2,0,0,0,0,0,0,1,1,1,5,5,4,1,0,0,9,12,8,82,69,55,57,69,0,1,0,1,0,0,0
Chr2+747516,LOC_Os02g02275,1,0,3,2,0,0,0,0,0,1,1,1,0,0,0,0,0,0,1,0,0,0,0,0,1,2,1,0,3,1,0,1,1,2,7,2,0,0,1,0,0,0
Chr2-1166267,LOC_Os02g02980,53,20,12,29,31,34,17,8,7,15,18,20,85,83,59,45,48,54,37,21,22,7,9,8,7,7,7,28,33,29,20,27,23,1,0,1,19,21,19,32,28,31
Chr2-1166190,LOC_Os02g02980,4,9,1,3,2,2,4,0,0,14,15,15,56,76,67,29,55,29,22,35,19,8,10,10,10,10,6,24,27,25,22,34,21,8,68,2,20,23,21,7,1,6
Chr2-1166080,LOC_Os02g02980,0,0,0,0,0,0,0,0,0,1,1,7,11,12,6,8,8,9,8,5,4,4,3,2,2,2,3,1,8,2,0,0,1,0,0,1,0,0,1,0,0,0
Chr2-3145010,LOC_Os02g06300,0,0,0,0,0,0,0,0,0,3,1,1,0,0,0,6,12,2,0,0,1,0,0,0,0,0,0,2,3,1,0,0,0,0,0,0,1,2,0,0,1,1
Chr2-3144479,LOC_Os02g06300,1,0,0,0,3,0,0,0,0,2,1,2,6,8,8,5,5,5,0,2,0,0,0,0,0,0,0,1,2,1,1,0,0,0,0,0,4,2,0,5,10,13
Chr2-3144192,LOC_Os02g06300,7,9,8,14,2,11,2,3,7,5,12,6,45,44,49,26,40,31,10,9,12,0,0,1,0,0,0,2,6,4,0,1,0,0,0,0,0,0,1,21,4,14
Chr2-3144084,LOC_Os02g06300,9,16,17,23,10,4,17,16,10,199,213,211,468,552,499,325,418,336,96,101,104,11,11,11,4,4,4,62,53,48,40,39,42,10,85,33,52,53,54,38,44,42
Chr2+4133649,LOC_Os02g07880,32,20,40,29,34,52,38,22,16,5,9,7,6,3,3,12,10,11,9,9,8,6,6,7,10,14,11,13,3,11,25,26,25,33,17,8,23,25,26,35,40,33
Chr2+4133794,LOC_Os02g07880,24,28,28,25,40,42,59,47,35,38,35,39,32,40,55,35,34,31,51,67,45,55,53,50,49,48,54,25,34,29,55,70,74,23,31,0,39,42,38,8,22,30
Chr2+4974794,LOC_Os02g09690,0,4,1,0,0,0,6,7,1,0,3,0,1,4,1,1,2,1,5,5,6,3,0,2,0,2,0,6,6,3,5,5,5,1,1,1,10,11,10,2,0,3
Chr2+4982109,LOC_Os02g09690,7,0,9,7,6,4,1,0,2,0,0,0,0,1,1,1,1,1,1,0,1,0,0,0,0,0,0,0,1,1,0,0,1,0,0,0,1,1,1,5,0,0
Chr2+4975880,LOC_Os02g09690,1,4,0,0,1,0,0,2,1,0,1,0,1,2,2,0,2,1,2,1,1,1,1,1,0,3,1,1,1,2,0,0,1,0,1,6,0,0,0,1,0,0
Chr2+4984759,LOC_Os02g09690,5,0,5,0,0,3,0,0,1,4,4,4,8,18,10,20,14,17,4,4,4,2,2,0,6,5,10,0,2,1,9,4,6,8,26,0,5,3,3,0,0,1
Chr2+4980437,LOC_Os02g09690,4,4,0,1,1,0,2,4,1,1,0,1,7,6,1,8,1,13,11,9,7,1,1,0,1,2,0,1,1,3,2,1,6,17,21,8,6,5,7,1,1,1
Chr2+4980328,LOC_Os02g09690,0,0,0,0,0,0,1,2,1,0,0,0,2,0,1,1,1,0,3,1,4,2,2,1,1,1,1,0,0,0,1,0,0,25,39,57,4,0,1,0,0,0
Chr2+4984720,LOC_Os02g09690,2,3,1,0,0,0,0,0,0,0,0,0,1,0,0,3,2,3,0,1,0,3,2,2,0,0,0,0,0,0,1,1,1,1,2,1,2,2,1,0,0,0
Chr2+4984585,LOC_Os02g09690,12,12,14,18,24,27,20,7,32,4,7,17,49,45,36,38,59,63,23,28,29,7,3,7,30,16,20,15,16,13,69,60,67,29,22,21,28,28,26,29,32,33
Chr2+4983210,LOC_Os02g09690,3,2,4,1,0,0,0,0,0,2,3,7,2,6,5,5,5,6,5,4,5,0,0,0,1,1,1,2,6,6,3,4,2,1,0,1,9,1,7,0,0,0
Chr2+4982431,LOC_Os02g09690,7,18,11,27,37,26,7,7,5,3,2,5,6,5,6,0,1,2,0,0,1,3,1,1,1,1,1,3,0,2,1,1,1,0,0,0,2,1,3,17,0,1
Chr2+4982187,LOC_Os02g09690,7,0,3,15,20,5,4,11,6,0,0,0,0,0,0,0,0,1,0,1,2,2,1,0,0,0,0,0,0,0,0,0,0,0,0,0,0,0,1,3,1,1
Chr2+7645960,LOC_Os02g14000,15,13,17,17,16,15,13,7,5,4,5,3,3,2,2,2,2,2,5,4,4,5,6,5,3,4,4,4,0,1,3,4,1,6,2,7,0,1,4,11,5,2
Chr2+7646131,LOC_Os02g14000,75,59,46,53,58,66,166,59,137,78,78,82,100,90,99,112,109,106,84,110,82,108,85,108,64,93,72,89,53,47,53,42,61,9,51,73,53,54,53,38,29,26
Chr2-11160276,LOC_Os02g19140,0,2,0,0,0,0,1,4,2,0,0,0,0,0,0,0,0,0,0,0,0,0,0,0,0,0,0,0,0,0,0,0,0,3,1,3,0,0,0,0,0,0
Chr2-11157250,LOC_Os02g19140,314,334,344,309,257,297,115,129,102,240,227,230,92,113,134,104,120,105,218,231,231,312,307,320,186,182,188,183,146,160,245,310,308,299,292,317,103,108,100,221,270,227
Chr2-11159684,LOC_Os02g19140,12,11,16,17,21,32,9,10,10,2,4,0,0,0,0,0,1,0,1,1,3,2,3,2,2,1,2,2,2,2,0,0,2,0,0,0,0,0,0,5,3,4
Chr2+13870115,LOC_Os02g23939,3,3,2,2,2,4,0,0,0,2,0,2,0,0,0,2,1,1,2,1,0,1,1,0,0,0,0,0,0,0,3,3,0,0,0,0,0,0,0,7,11,14
Chr2+13870037,LOC_Os02g23939,0,0,0,4,7,3,0,0,0,0,0,0,2,4,0,0,2,0,0,0,2,0,0,1,0,0,0,1,1,0,1,1,4,0,0,0,3,2,1,6,6,1
Chr2+13870659,LOC_Os02g23939,1,16,10,11,10,14,0,1,0,15,9,13,11,12,16,22,17,17,14,12,11,0,0,3,8,5,5,8,7,14,11,12,11,11,6,8,11,14,6,6,6,6
Chr2+14012830,LOC_Os02g24190,5,2,3,0,0,0,0,0,0,5,8,11,0,0,2,3,0,3,0,3,1,6,2,4,0,6,8,2,2,3,5,6,4,0,0,0,2,3,2,0,0,0
Chr2+14011695,LOC_Os02g24190,0,0,0,0,0,0,0,0,0,0,0,0,0,0,0,0,0,0,0,0,0,0,0,0,0,0,0,0,0,0,0,0,0,16,46,71,0,0,0,0,0,0
Chr2+14018123,LOC_Os02g24190,77,43,28,76,78,105,85,89,77,84,53,73,52,58,54,80,81,79,65,70,69,39,57,42,39,57,70,61,57,36,31,45,46,39,48,38,47,42,40,83,48,75
Chr2-16118919,LOC_Os02g27360,0,2,0,0,0,0,0,4,7,0,0,0,1,1,2,0,0,1,0,0,0,0,1,2,3,2,3,1,0,0,0,0,0,0,1,0,0,0,0,2,1,0
Chr2-16115627,LOC_Os02g27360,2,3,1,1,2,3,8,0,1,2,2,2,5,7,3,0,5,0,1,0,0,6,0,3,1,2,0,2,4,4,0,0,2,6,8,11,0,0,0,1,0,1
Chr2-16115005,LOC_Os02g27360,145,155,163,193,193,186,455,347,264,96,82,77,159,228,153,89,110,100,97,97,107,204,182,170,1263,1179,1426,134,88,102,131,132,131,39,51,111,86,84,87,90,97,111
Chr2-16115178,LOC_Os02g27360,24,23,27,52,32,0,13,1,4,0,0,0,1,0,2,9,5,5,5,8,3,1,1,1,18,8,35,0,1,2,2,1,1,0,0,0,2,1,2,9,10,10
Chr2-16467824,LOC_Os02g27810,0,0,0,0,0,0,3,7,0,0,1,0,1,2,1,0,0,0,20,24,16,0,1,0,0,0,0,0,0,0,2,2,4,0,0,0,7,5,1,0,0,0
Chr2-16465883,LOC_Os02g27810,3,9,3,7,7,0,14,16,11,9,8,7,1,3,4,0,0,0,64,66,63,3,4,4,4,1,2,19,27,7,69,72,70,28,17,26,61,49,58,4,6,0
Chr2-16468036,LOC_Os02g27810,0,0,0,0,0,0,3,1,2,0,1,0,0,0,0,0,0,0,3,6,7,0,0,0,0,0,0,0,0,0,3,2,2,1,0,0,1,2,1,0,0,0
Chr2-16465705,LOC_Os02g27810,0,0,2,1,0,1,2,0,2,2,4,3,0,0,0,0,0,0,0,1,4,0,0,0,0,0,0,0,0,0,1,1,1,0,0,0,1,4,3,0,0,0
Chr2-16465629,LOC_Os02g27810,3,0,0,1,5,1,0,2,1,0,0,0,0,0,0,0,0,0,4,4,3,1,1,2,0,0,0,1,1,2,10,6,8,0,0,0,6,9,10,0,0,0
Chr2-19360433,LOC_Os02g32660,3,11,2,2,8,4,2,2,3,0,0,0,0,0,0,0,0,0,0,0,0,0,0,0,0,0,0,0,0,0,1,2,2,0,0,0,0,0,0,0,0,0
Chr2-19355810,LOC_Os02g32660,629,534,847,828,696,800,877,750,975,5,5,5,5,5,3,9,9,9,1,5,6,5,17,22,20,17,15,92,68,78,874,1018,1102,447,296,231,20,21,30,159,119,135
Chr2-19359212,LOC_Os02g32660,0,0,0,3,1,4,0,0,0,1,1,1,0,0,2,0,0,1,0,0,0,0,0,0,1,0,0,0,0,0,0,0,0,2,7,18,0,0,0,0,0,0
Chr2-19362709,LOC_Os02g32660,2,1,9,2,1,0,4,4,2,0,0,0,0,0,0,0,0,0,0,0,0,0,1,0,0,0,0,2,3,5,9,8,8,0,0,1,0,0,0,0,0,0
Chr2+21075410,LOC_Os02g35110,2,7,0,2,10,2,0,0,0,2,6,3,0,0,0,0,5,0,3,8,3,3,8,5,2,2,2,0,1,2,0,1,3,0,0,0,3,4,0,3,3,3
Chr2+21075464,LOC_Os02g35110,14,9,8,8,8,3,2,3,0,3,2,11,0,4,3,2,4,4,1,2,3,11,16,8,5,4,5,6,10,1,1,0,1,0,0,0,5,6,3,10,6,9
Chr2+21075201,LOC_Os02g35110,6,2,0,6,9,8,20,11,19,20,26,27,42,23,30,16,17,14,15,11,14,22,23,25,11,13,10,8,10,12,15,15,14,0,0,0,23,46,43,15,15,15
Chr2+22389989,LOC_Os02g37050,7,6,1,0,0,1,4,6,4,7,14,10,12,5,19,6,28,16,10,14,20,15,17,17,6,0,1,12,0,9,5,1,8,0,0,0,15,14,8,5,7,5
Chr2+22389741,LOC_Os02g37050,14,8,16,21,17,15,10,10,16,12,4,15,9,7,4,9,6,9,8,10,8,20,24,27,3,14,6,8,11,10,14,16,13,27,114,97,10,26,22,47,53,46
Chr2+22389831,LOC_Os02g37050,0,1,0,2,0,0,0,0,0,1,1,0,1,2,1,1,1,1,0,0,1,2,0,0,0,0,0,1,1,4,1,1,1,0,0,0,0,1,1,0,0,0
Chr2+23513938,LOC_Os02g38890,8,6,11,2,4,2,0,0,0,0,0,0,0,0,0,1,3,2,0,0,1,0,0,1,8,9,3,3,1,2,3,4,4,0,0,0,1,0,1,1,2,1
Chr2+23513706,LOC_Os02g38890,29,25,39,16,13,16,0,2,3,4,4,2,2,1,1,3,6,5,4,3,4,1,4,1,13,13,23,13,7,0,5,7,3,79,10,27,1,6,5,34,34,34
Chr2-23768788,LOC_Os02g39384,0,5,2,0,0,3,3,12,5,0,0,0,0,0,0,0,0,0,1,1,1,0,0,0,0,0,1,0,0,0,0,0,0,0,0,0,2,2,2,11,12,12
Chr2-23768996,LOC_Os02g39384,0,0,0,0,0,0,3,1,1,0,0,0,0,0,0,0,0,0,0,0,0,3,0,3,0,0,7,0,0,0,0,0,0,4,0,4,0,0,0,0,0,0
Chr2-23768598,LOC_Os02g39384,5,17,10,0,0,0,7,5,4,0,0,0,0,0,0,0,0,0,0,0,0,1,0,0,0,0,0,0,0,0,0,0,0,0,0,0,3,2,1,16,22,16
Chr2-24025159,LOC_Os02g39764,0,0,0,20,4,14,1,1,0,0,0,1,4,3,0,5,4,1,1,0,0,0,0,0,0,0,0,2,4,2,22,27,9,5,218,182,2,2,4,0,0,1
Chr2-24030838,LOC_Os02g39764,0,0,0,0,0,0,0,0,0,0,0,0,0,0,0,0,0,0,0,0,0,0,0,0,0,0,0,0,0,0,0,0,0,23,24,8,0,0,0,0,0,0
Chr2-24025223,LOC_Os02g39764,0,0,0,2,0,0,0,0,0,0,0,0,0,0,0,0,0,0,0,0,0,0,0,0,0,0,0,0,0,0,0,0,0,54,35,6,0,0,0,0,0,0
Chr2-24031700,LOC_Os02g39764,0,0,0,0,0,0,0,0,1,0,0,0,2,0,0,1,1,0,1,1,1,0,0,0,0,0,0,0,0,1,3,11,8,0,0,0,0,3,0,0,0,0
Chr2-24031615,LOC_Os02g39764,4,3,3,1,1,0,7,2,1,2,1,0,7,9,5,1,6,2,0,1,1,0,0,0,1,0,3,3,1,3,25,23,24,10,37,18,12,8,6,1,1,7
Chr2-24030227,LOC_Os02g39764,0,1,1,5,6,3,5,0,1,0,0,0,0,1,0,1,1,1,0,0,0,0,0,0,0,0,0,0,0,0,0,0,1,2,0,0,1,0,1,1,1,1
Chr2-24063023,LOC_Os02g39830,0,0,0,8,2,4,0,0,0,1,1,0,13,0,5,0,0,1,2,3,3,5,0,2,1,3,2,0,3,1,2,1,3,0,0,0,2,1,1,5,1,0
Chr2-24063308,LOC_Os02g39830,16,10,12,8,31,17,19,20,35,58,66,58,50,50,46,84,88,82,46,58,62,64,57,63,45,56,58,40,41,26,26,16,23,2,1,7,50,44,48,52,45,38
Chr2-24063266,LOC_Os02g39830,9,7,12,23,10,11,13,55,31,74,59,72,40,56,56,50,39,59,35,41,42,66,57,93,97,95,63,58,30,40,20,12,17,9,28,3,42,38,38,18,25,24
Chr2+25236069,LOC_Os02g41990,122,57,48,61,132,116,39,27,56,83,70,64,56,51,51,37,50,53,58,58,59,75,75,72,122,140,159,87,85,73,128,117,111,61,72,48,78,75,64,89,92,81
Chr2+25232809,LOC_Os02g41990,2,3,1,10,5,4,3,4,3,1,2,0,3,0,2,6,3,5,6,6,4,2,2,2,4,5,5,0,4,0,1,2,1,0,0,1,2,1,2,0,2,1
Chr2+26263756,LOC_Os02g43519,4,4,8,0,2,0,1,1,2,0,0,0,0,0,0,0,0,0,0,0,0,0,0,0,0,0,0,0,0,0,0,0,0,0,0,0,0,0,0,10,8,7
Chr2+26265576,LOC_Os02g43519,16,43,31,31,36,30,63,32,41,52,48,44,31,30,34,28,27,27,55,39,61,75,71,71,48,48,32,114,105,114,38,31,22,6,45,14,155,144,152,63,64,63
Chr2+26265117,LOC_Os02g43519,99,128,113,48,65,44,28,48,28,8,3,1,1,2,0,3,2,6,4,10,11,9,5,7,4,6,5,7,12,16,28,32,32,5,5,5,20,22,18,309,270,306
Chr2+26264465,LOC_Os02g43519,70,69,66,18,6,11,19,20,29,0,0,0,0,0,0,0,0,0,1,0,0,0,1,1,0,0,1,0,1,1,2,4,6,1,2,0,0,1,0,239,167,239
Chr2+26263049,LOC_Os02g43519,85,86,70,87,87,84,114,96,79,52,57,52,62,112,55,66,84,67,143,187,152,27,34,31,33,57,45,70,72,62,40,28,39,59,27,58,53,49,54,138,130,136
Chr2+26265822,LOC_Os02g43519,1,1,1,0,0,0,2,1,1,4,2,4,0,0,0,1,0,1,0,2,2,2,2,2,0,0,1,6,1,0,1,0,1,0,0,0,1,1,0,0,0,0
Chr2+26265287,LOC_Os02g43519,60,17,32,43,24,35,7,3,8,0,1,0,0,0,1,3,3,2,6,0,2,4,1,11,1,1,2,2,21,17,3,8,5,4,15,14,4,5,4,24,25,23
Chr2+26264770,LOC_Os02g43519,6,7,4,5,22,5,4,13,3,8,0,4,5,1,1,4,3,0,1,0,1,1,1,1,0,0,0,3,3,3,14,9,22,57,8,37,2,5,5,7,6,6
Chr2+26264277,LOC_Os02g43519,12,23,16,18,11,6,6,4,6,0,0,0,0,0,0,0,0,0,0,1,0,1,2,1,0,0,0,4,0,2,4,13,14,11,9,19,4,4,5,70,61,49
Chr2+26263915,LOC_Os02g43519,9,6,20,7,9,8,2,2,2,1,0,1,0,0,0,0,1,1,0,0,0,0,0,0,1,0,0,3,2,1,4,4,4,23,29,11,0,6,3,37,37,38
Chr2+26263554,LOC_Os02g43519,22,24,18,6,1,4,1,0,0,0,0,0,1,0,0,0,0,0,0,0,0,0,0,0,0,0,0,0,0,0,0,0,0,0,0,0,0,0,0,22,25,23
Chr2+26265246,LOC_Os02g43519,3,3,2,1,8,5,0,2,1,2,2,2,3,0,4,1,0,0,3,0,1,1,3,0,3,1,2,4,0,1,2,1,3,0,0,0,1,2,4,5,6,6
Chr2-26982209,LOC_Os02g44540,54,61,62,55,52,53,41,58,4,92,82,81,73,59,50,51,54,52,59,54,54,64,60,66,60,52,50,87,67,106,61,61,50,26,97,20,48,45,46,81,67,76
Chr2-26982418,LOC_Os02g44540,12,7,1,2,3,1,0,0,0,1,3,1,0,0,0,1,2,1,0,0,0,0,0,0,0,0,0,0,0,0,2,0,6,7,4,0,0,0,0,3,3,3
Chr2-30046215,LOC_Os02g49130,0,0,0,0,0,0,0,0,0,0,4,2,0,0,0,4,3,2,1,1,1,0,0,0,1,0,2,0,0,1,1,1,0,0,0,0,0,0,0,0,0,0
Chr2-30044218,LOC_Os02g49130,0,0,0,0,1,0,3,11,16,11,8,9,0,0,2,5,0,0,4,4,6,4,2,3,6,7,8,6,10,11,8,10,8,11,13,7,4,4,3,3,2,4
Chr2-30044350,LOC_Os02g49130,0,0,2,1,2,3,0,0,0,8,9,7,3,0,5,8,2,4,7,4,4,2,2,2,5,2,6,0,1,2,2,10,5,0,1,8,4,4,4,5,7,7
Chr2+33855410,LOC_Os02g55300,29,31,31,48,31,26,20,54,45,29,49,42,48,57,47,35,35,40,26,25,16,25,15,24,27,19,15,15,14,35,54,60,54,48,19,73,37,39,36,21,17,26
Chr2+33857086,LOC_Os02g55300,30,31,33,18,26,14,2,1,5,3,2,1,0,1,0,3,0,2,1,1,0,0,0,1,1,1,1,0,0,0,0,1,1,0,0,0,0,0,0,15,24,36
Chr2+33855652,LOC_Os02g55300,20,29,26,16,4,15,34,29,32,7,32,57,73,34,47,31,17,31,20,24,19,9,17,16,15,13,17,34,20,2,34,41,38,42,25,13,23,25,26,24,23,25
Chr2+34855515,LOC_Os02g56860,0,0,0,0,0,0,0,3,5,30,48,40,5,0,5,0,0,0,6,12,10,1,0,0,0,1,0,52,47,55,19,17,19,60,129,158,14,16,13,0,0,0
Chr2+34855828,LOC_Os02g56860,0,0,0,0,0,0,0,0,0,3,5,7,0,0,0,0,0,0,0,0,0,0,0,0,0,0,0,23,20,26,3,2,4,2,0,1,0,0,0,0,0,0
Chr2+34855789,LOC_Os02g56860,0,0,0,0,0,0,0,0,0,19,17,11,7,1,1,1,0,0,3,4,5,0,0,0,0,0,1,81,62,47,10,21,15,1,1,0,7,6,3,0,0,0
Chr2+35278556,LOC_Os02g57600,2,2,2,1,4,5,1,2,0,1,2,3,0,0,0,2,3,0,10,4,6,0,0,1,3,2,0,1,1,0,1,1,1,2,5,4,0,2,1,0,0,0
Chr2+35278202,LOC_Os02g57600,20,26,27,17,14,20,3,6,7,0,0,0,1,2,4,3,4,3,2,0,1,1,4,4,1,2,3,2,3,6,3,3,4,3,8,14,0,1,2,10,10,10
Chr2+35278315,LOC_Os02g57600,107,90,90,95,87,91,44,54,82,34,28,36,100,113,88,102,84,73,101,121,120,79,73,89,40,50,64,98,89,95,37,36,31,5,11,69,51,51,55,66,104,46
Chr3-560194,LOC_Os03g01910,3,2,3,0,0,0,2,1,7,0,3,1,1,0,0,0,0,0,0,1,0,7,7,5,1,1,1,0,2,2,1,1,0,0,0,0,0,0,0,3,3,3
Chr3-560399,LOC_Os03g01910,646,716,631,480,501,513,681,676,680,649,592,636,324,220,252,280,346,323,403,413,421,744,686,815,551,539,516,278,422,361,200,201,198,288,138,123,500,560,581,555,587,639
Chr3-560631,LOC_Os03g01910,0,0,0,3,3,0,0,0,0,0,0,0,0,0,0,0,0,1,0,0,0,1,1,1,1,1,1,3,4,1,0,0,0,0,0,0,0,0,0,0,0,0
Chr3+875737,LOC_Os03g02440,0,2,0,0,11,1,2,1,1,2,7,1,0,0,0,3,2,2,0,0,2,3,3,4,4,7,5,5,3,3,2,7,5,0,0,0,1,3,3,0,0,0
Chr3+875511,LOC_Os03g02440,26,28,22,9,25,26,21,27,28,38,25,36,18,21,20,26,16,21,20,23,16,23,19,22,34,34,37,3,29,17,16,13,14,6,5,5,33,30,26,17,16,14
Chr3+875336,LOC_Os03g02440,15,0,8,6,5,4,1,2,2,25,25,20,5,10,3,8,6,4,8,4,6,4,10,14,14,17,14,3,14,8,10,8,7,0,0,0,14,20,17,13,10,7
Chr3+876516,LOC_Os03g02440,1,1,0,0,0,0,0,0,2,5,7,7,7,15,13,4,8,8,5,5,7,11,10,10,28,34,24,5,4,5,7,9,9,0,0,0,10,1,10,1,1,3
Chr3+875967,LOC_Os03g02440,0,0,0,1,0,3,0,0,0,8,6,4,4,0,3,0,0,0,1,0,0,2,0,1,1,1,0,0,0,0,0,0,0,0,0,0,0,0,1,0,0,0
Chr3-1203799,LOC_Os03g02970,0,4,4,0,7,3,5,3,0,0,0,0,0,0,0,0,0,0,0,0,0,0,0,0,0,0,0,0,0,0,0,0,0,0,0,0,2,2,2,0,2,9
Chr3-1195893,LOC_Os03g02970,0,0,0,2,0,1,0,0,0,0,1,1,2,4,3,1,0,0,0,0,0,0,0,0,0,0,0,0,0,0,1,2,3,5,5,12,1,1,1,1,0,1
Chr3-1199957,LOC_Os03g02970,8,4,5,7,32,7,2,1,0,0,0,0,1,0,1,1,2,2,1,1,1,0,0,1,0,0,0,0,0,0,1,0,1,0,0,0,0,0,0,3,4,1
Chr3-1195680,LOC_Os03g02970,35,54,34,30,31,31,17,16,14,30,11,34,56,95,48,65,71,66,37,38,39,24,20,24,34,32,28,72,74,43,35,34,28,4,72,120,36,48,56,51,52,52
Chr3-1203587,LOC_Os03g02970,1,2,0,0,0,1,0,0,0,0,0,1,2,1,3,2,1,1,0,0,2,1,0,1,0,0,1,1,1,0,1,2,0,3,2,1,1,1,2,0,0,1
Chr3-1514750,LOC_Os03g03510,225,258,219,221,267,209,261,262,266,121,133,136,700,690,699,408,423,430,427,408,439,110,118,115,950,1213,1254,687,557,586,475,498,508,321,454,387,290,242,292,155,151,168
Chr3-1518124,LOC_Os03g03510,1,1,1,0,0,0,0,0,0,0,0,0,0,0,0,0,0,0,0,0,0,0,0,0,4,4,6,1,1,4,4,2,4,23,37,13,0,0,0,0,0,0
Chr3-1515036,LOC_Os03g03510,7,13,1,6,5,4,3,1,2,0,0,0,0,4,4,3,1,1,3,0,1,2,1,0,16,12,13,0,1,2,1,0,1,1,0,0,2,1,0,0,0,0
Chr3-1515887,LOC_Os03g03510,2,4,3,1,0,0,1,0,7,0,0,0,2,3,0,1,1,1,0,0,0,0,0,0,1,6,4,0,0,0,1,0,2,0,0,0,1,1,0,0,0,0
Chr3-1518367,LOC_Os03g03510,0,0,0,0,0,0,4,2,2,0,0,0,5,6,7,2,2,1,4,3,3,1,0,1,25,27,37,12,15,15,6,4,3,0,4,8,2,1,1,0,0,0
Chr3-1518545,LOC_Os03g03510,0,0,0,2,1,2,5,4,6,3,2,1,4,9,2,3,4,7,4,4,6,0,1,4,77,71,52,19,3,7,30,29,15,18,42,47,15,16,12,0,1,0
Chr3-1720577,LOC_Os03g03830,0,4,6,9,4,11,0,0,0,0,0,0,0,0,0,0,0,0,0,0,0,0,0,0,0,0,0,0,0,1,0,0,0,0,0,0,0,0,1,0,0,0
Chr3-1720157,LOC_Os03g03830,117,128,114,70,48,102,88,119,102,137,134,127,103,100,99,99,127,106,146,135,152,170,169,104,82,88,107,82,78,81,89,83,92,62,103,38,104,93,95,138,141,146
Chr3-1976210,LOC_Os03g04300,13,12,7,0,3,2,6,6,0,23,16,20,48,1,16,40,36,36,10,14,15,0,1,4,4,2,3,8,10,13,6,2,7,0,0,0,6,8,3,0,0,1
Chr3-1976335,LOC_Os03g04300,3,3,1,1,0,4,1,2,1,9,8,8,20,24,18,19,17,19,5,4,14,1,0,0,5,0,1,4,4,4,7,5,3,2,0,4,5,3,0,0,0,0
Chr3-1970898,LOC_Os03g04300,0,1,0,0,0,0,0,4,2,3,3,4,5,7,5,12,1,8,2,5,0,0,0,0,0,0,0,0,1,2,1,1,1,9,6,5,0,1,1,1,3,2
Chr3-1970964,LOC_Os03g04300,2,1,5,6,3,0,0,0,0,1,1,1,8,9,1,13,13,12,3,1,2,0,1,1,0,1,0,4,0,0,1,0,0,4,3,26,2,0,3,4,3,6
Chr3-1970805,LOC_Os03g04300,9,2,5,3,9,0,0,5,0,5,3,0,4,9,9,11,24,15,1,0,1,3,0,0,1,1,1,4,0,6,1,0,1,0,0,0,3,0,4,2,2,1
Chr3-1976451,LOC_Os03g04300,6,10,1,4,4,4,1,0,0,2,6,14,12,7,15,15,7,19,4,3,6,0,0,2,0,1,1,5,4,3,2,1,2,5,0,1,2,0,2,1,1,4
Chr3-4807945,LOC_Os03g09210,2,24,13,17,3,26,3,7,4,5,2,7,8,7,7,7,9,10,6,5,0,13,6,14,2,9,6,18,4,20,7,5,12,0,0,0,3,4,4,5,6,4
Chr3-4807706,LOC_Os03g09210,3,3,3,9,2,14,2,1,5,2,3,1,0,0,0,0,2,1,0,1,1,1,1,2,1,2,2,0,0,0,0,0,1,0,0,0,0,0,0,0,3,1
Chr3-4808391,LOC_Os03g09210,227,211,241,289,162,219,129,186,224,216,219,231,144,156,137,130,132,139,127,118,118,365,370,369,231,187,213,208,164,171,376,392,382,264,209,533,115,111,86,275,271,267
Chr3-6557362,LOC_Os03g12414,3,1,2,6,43,30,3,1,3,1,1,1,0,0,1,5,4,4,1,0,1,0,0,1,5,4,3,0,1,1,0,0,0,0,0,0,0,0,0,0,0,0
Chr3-6556400,LOC_Os03g12414,0,1,0,0,0,0,0,1,0,1,4,2,5,6,6,3,10,3,1,2,0,0,0,0,6,9,7,1,0,1,7,0,6,6,24,30,0,0,0,0,0,0
Chr3-7163437,LOC_Os03g13274,0,1,0,0,1,0,0,1,1,23,39,34,5,14,4,4,10,8,11,18,22,63,47,65,3,14,13,6,13,18,6,4,3,84,62,11,13,12,12,5,0,0
Chr3-7163389,LOC_Os03g13274,3,0,3,3,2,3,4,4,3,53,51,52,34,14,16,17,16,14,29,24,30,155,161,157,36,37,35,29,31,38,0,1,4,0,0,1,8,10,10,5,1,0
Chr3-7165114,LOC_Os03g13274,0,0,0,1,2,0,5,3,1,3,6,5,3,3,3,1,0,1,0,1,0,11,10,9,4,3,2,1,0,0,0,0,0,0,0,0,0,1,1,1,1,1
Chr3-9513370,LOC_Os03g17130,0,0,0,0,0,0,0,0,0,0,0,0,0,0,0,0,0,0,0,0,0,1,0,0,0,0,0,0,0,0,0,0,0,21,15,19,0,0,0,0,0,0
Chr3-9517978,LOC_Os03g17130,0,3,0,6,6,2,0,2,2,1,1,1,0,0,0,0,0,0,0,0,0,1,0,0,0,0,0,1,2,0,2,1,1,0,1,0,0,0,2,1,0,1
Chr3-9518033,LOC_Os03g17130,4,0,0,1,0,0,5,6,0,0,0,1,0,0,0,0,0,1,0,0,0,0,0,0,2,3,1,0,0,0,0,0,0,0,0,0,1,0,1,3,3,3
Chr3+9876577,LOC_Os03g17740,251,250,226,241,252,253,180,180,182,283,305,328,157,145,142,197,214,315,184,230,249,437,435,482,1616,1512,1596,396,382,389,401,432,394,337,205,157,400,386,398,257,251,239
Chr3+9873249,LOC_Os03g17740,5,5,4,4,0,4,8,7,7,0,0,0,0,0,0,0,0,0,0,0,0,0,0,0,0,4,5,0,1,1,0,0,0,0,0,0,0,0,0,0,0,0
Chr3-10369100,LOC_Os03g18500,14,14,20,27,24,30,36,0,25,2,7,1,7,6,4,3,5,2,6,3,5,17,18,16,3,5,7,8,8,10,15,17,17,0,0,0,18,16,18,30,36,31
Chr3-10368888,LOC_Os03g18500,2,0,0,2,1,1,4,3,1,3,0,2,5,4,4,1,2,3,0,0,0,7,5,8,7,2,3,2,0,2,6,5,4,0,0,0,2,2,1,1,0,0
Chr3+13284822,LOC_Os03g23010,1,1,2,0,0,2,0,0,0,0,0,0,0,0,0,0,0,1,1,0,0,0,0,0,1,0,1,3,6,6,3,3,7,0,0,0,2,1,1,3,5,5
Chr3+13284496,LOC_Os03g23010,411,562,506,242,275,332,320,203,226,429,429,430,419,413,425,874,851,963,1005,981,963,473,489,481,2574,2546,2599,2279,2076,2215,1245,1237,1224,600,293,412,1338,1088,1430,740,735,738
Chr3+13882330,LOC_Os03g24380,660,562,569,673,710,543,592,535,509,270,289,263,443,434,454,347,303,323,370,401,375,305,345,309,411,403,402,254,273,262,299,257,290,339,311,339,209,253,262,370,369,358
Chr3+13879312,LOC_Os03g24380,0,0,0,2,1,0,0,0,0,0,0,0,0,0,0,0,0,0,0,0,0,0,0,0,0,0,0,0,0,1,0,0,0,10,10,10,0,0,0,1,1,0
Chr3+14432144,LOC_Os03g25270,4,5,4,2,0,0,2,3,0,1,3,2,2,6,1,1,1,0,0,0,0,2,1,2,0,2,3,3,0,3,4,3,5,47,4,7,0,1,2,0,0,0
Chr3+14433539,LOC_Os03g25270,2,1,2,7,4,2,38,32,15,0,0,1,0,0,0,0,0,0,0,0,0,0,0,0,1,3,4,0,0,0,2,2,0,0,0,0,11,12,12,0,0,0
Chr3+14433583,LOC_Os03g25270,1,0,1,0,0,0,18,18,17,0,0,0,1,0,2,0,0,0,0,0,0,0,1,4,0,2,9,0,0,0,0,0,0,0,0,0,0,0,0,0,0,0
Chr3+14435455,LOC_Os03g25270,0,0,0,0,0,0,5,6,5,2,0,1,0,0,0,0,0,0,0,0,0,0,0,0,0,4,4,0,0,0,0,1,0,0,0,0,1,2,0,0,0,0
Chr3+14435169,LOC_Os03g25270,295,525,412,350,216,272,1637,1898,1583,245,221,297,390,394,373,230,239,237,218,269,224,222,293,289,512,505,509,193,165,147,112,102,128,67,40,33,200,171,201,66,76,123
Chr3+15007773,LOC_Os03g26229,14,3,5,3,3,0,3,5,4,0,0,0,0,5,2,0,0,0,0,0,0,1,0,0,0,0,0,0,0,0,1,0,0,0,0,0,1,2,3,6,6,6
Chr3+15007307,LOC_Os03g26229,1,1,0,1,0,1,2,0,1,0,0,0,0,0,0,0,0,0,0,0,0,0,0,0,1,0,1,0,0,0,0,0,0,12,33,7,3,0,1,3,1,0
Chr3+15008181,LOC_Os03g26229,201,206,208,113,136,196,236,207,252,20,37,22,4,15,8,18,20,10,33,30,23,73,63,63,43,52,35,60,34,37,24,25,28,40,10,17,99,129,120,444,509,479
Chr3+15007567,LOC_Os03g26229,6,15,6,11,9,8,3,3,4,0,0,0,0,0,0,0,0,0,0,0,0,1,2,2,3,0,3,0,0,0,3,2,0,0,0,0,9,3,2,25,20,11
Chr3+15007226,LOC_Os03g26229,28,40,44,17,2,28,7,10,0,0,0,0,0,0,0,0,1,0,0,0,0,0,0,0,0,0,0,0,0,0,0,0,1,0,0,0,4,4,3,359,108,212
Chr3+24732290,LOC_Os03g44010,98,43,78,65,69,67,70,81,88,43,36,48,58,65,59,46,44,67,68,120,94,47,43,38,23,24,26,53,46,48,34,35,35,17,35,90,49,50,42,117,116,147
Chr3+24729783,LOC_Os03g44010,7,2,0,10,8,5,2,4,12,5,5,7,3,2,0,2,7,1,20,10,11,9,10,7,3,2,0,28,27,26,2,10,4,3,4,9,3,3,5,11,23,17
Chr3+24729623,LOC_Os03g44010,4,25,16,9,7,1,5,4,59,4,22,8,2,0,10,24,6,5,37,6,14,45,3,56,13,6,10,13,11,17,12,15,5,12,26,27,4,2,2,5,12,20
Chr3+24729452,LOC_Os03g44010,8,44,25,8,9,9,5,5,7,5,4,5,0,1,0,0,2,1,6,5,7,3,5,6,0,0,0,18,14,16,1,8,3,0,0,0,5,3,3,7,3,10
Chr3-25042319,LOC_Os03g44500,171,166,187,137,153,137,60,56,63,72,109,71,132,124,127,142,150,158,141,132,135,60,69,124,117,101,132,143,150,129,415,438,447,924,755,878,91,105,114,121,123,123
Chr3-25050001,LOC_Os03g44500,1,0,2,0,0,0,0,1,2,0,1,0,1,2,1,0,0,0,0,0,0,0,1,0,0,0,0,0,0,1,0,0,0,0,2,6,0,0,0,4,3,3
Chr3-25042780,LOC_Os03g44500,32,20,17,23,19,24,0,0,4,2,1,0,0,1,0,1,0,1,0,0,1,0,0,0,0,2,1,0,0,4,4,3,4,0,0,0,7,3,3,9,15,10
Chr3-26070976,LOC_Os03g46100,17,22,24,3,3,1,0,0,2,0,0,0,0,0,0,0,0,0,0,0,0,0,0,0,0,0,0,0,0,0,0,0,0,0,0,0,0,0,0,1,3,1
Chr3-26072245,LOC_Os03g46100,2,1,7,1,6,8,0,0,0,0,0,0,0,0,0,0,0,0,0,0,0,0,0,0,0,0,0,0,0,0,0,0,0,0,0,0,0,0,0,2,1,1
Chr3-26072137,LOC_Os03g46100,25,16,22,2,4,1,9,4,8,0,0,0,0,0,0,0,0,0,0,0,0,0,0,0,0,0,0,0,0,0,0,0,0,0,0,0,0,0,0,1,1,2
Chr3-26072674,LOC_Os03g46100,1,7,7,0,0,0,6,3,0,0,0,0,0,0,0,0,0,0,0,0,0,0,0,0,0,0,0,0,0,0,0,0,0,0,0,0,0,0,0,0,0,0
Chr3-26070557,LOC_Os03g46100,59827,57609,73266,55243,49095,47554,7746,5813,6782,0,0,1,0,1,0,0,0,0,0,0,0,1,5,0,7,8,9,1,8,3,0,0,0,9,1,21,0,0,1,9138,8447,8546
Chr3-26071189,LOC_Os03g46100,26,34,42,0,0,0,0,0,0,0,0,0,0,0,0,0,0,0,0,0,0,0,0,0,0,0,0,0,0,0,0,0,0,0,0,0,0,0,0,1,0,6
Chr3-26071819,LOC_Os03g46100,195,113,179,153,115,111,11,91,60,0,0,0,0,0,0,0,0,0,0,0,0,0,0,0,0,0,0,0,0,0,0,0,0,0,0,0,0,0,0,103,151,101
Chr3+28034911,LOC_Os03g49210,186,264,201,250,234,246,241,302,283,24,46,56,42,27,35,64,83,48,164,208,173,126,103,103,95,98,90,102,98,123,33,34,36,40,70,52,210,140,195,553,493,579
Chr3+28034423,LOC_Os03g49210,0,0,0,0,0,0,0,0,0,0,0,0,0,0,0,0,0,0,2,1,1,3,1,1,0,0,0,9,5,6,0,0,0,0,0,0,0,0,0,5,5,12
Chr3+30304515,LOC_Os03g52840,0,0,0,0,0,0,0,0,0,10,14,12,38,57,45,6,5,2,2,5,1,29,13,17,1,1,2,6,6,6,1,0,1,0,0,0,0,0,0,0,0,0
Chr3+30303656,LOC_Os03g52840,0,0,1,5,2,5,0,0,0,5,3,6,8,8,2,10,8,17,0,0,1,1,2,0,0,1,0,41,9,25,0,0,0,0,0,0,0,0,0,6,0,4
Chr3+30304188,LOC_Os03g52840,59,77,81,164,77,85,46,42,44,2116,2266,2203,11455,11022,11560,8566,8293,8482,1786,2061,1783,1076,1053,1086,403,415,418,908,828,833,131,133,125,247,268,608,303,284,283,106,100,107
Chr3+31791419,LOC_Os03g55850,5,4,4,13,5,11,0,1,5,0,0,0,0,0,0,0,0,0,0,0,0,0,0,0,1,0,0,0,0,0,0,0,0,29,48,54,1,0,0,8,3,6
Chr3+31791242,LOC_Os03g55850,11,10,13,1,0,0,0,0,0,0,1,0,0,0,0,0,0,0,0,0,0,0,0,0,0,0,0,0,0,0,0,0,0,0,0,0,0,0,0,3,4,3
Chr3+31793164,LOC_Os03g55850,1859,1584,1569,2344,2047,2198,705,764,813,514,540,527,611,668,665,346,310,352,704,597,658,698,678,680,544,492,457,357,387,361,481,474,489,1197,1170,1388,148,173,190,1020,668,906
Chr3-32363706,LOC_Os03g56790,10,6,2,8,10,12,11,14,16,0,0,0,1,0,0,1,0,0,0,0,0,1,2,1,0,0,0,2,2,2,1,0,0,0,0,0,0,0,0,1,1,1
Chr3-32363116,LOC_Os03g56790,7,9,6,6,4,2,4,4,12,0,0,0,0,0,0,0,0,0,0,0,0,0,0,0,0,0,0,0,0,0,0,0,0,0,0,0,0,0,0,0,0,0
Chr3-32361758,LOC_Os03g56790,2,0,1,8,0,2,2,3,1,0,0,0,0,0,0,0,0,0,0,0,0,0,0,0,0,0,0,2,2,2,0,0,0,0,0,0,0,0,0,0,0,0
Chr3-32360717,LOC_Os03g56790,808,937,746,708,953,1015,961,985,876,466,478,487,1026,1015,1023,600,570,631,1074,1015,1013,688,794,717,627,614,574,1012,999,1009,400,390,552,1273,728,768,350,366,351,452,452,452
Chr3-33194618,LOC_Os03g58260,17,0,5,4,6,4,12,16,13,10,10,16,45,26,24,48,45,37,23,17,17,22,21,22,23,21,13,7,11,6,41,38,34,78,26,46,10,6,9,12,12,7
Chr3-33193747,LOC_Os03g58260,5,9,12,9,12,2,0,0,0,2,1,1,6,8,4,5,14,15,2,1,2,2,0,1,3,5,4,3,4,4,1,0,6,4,3,7,2,1,2,4,4,4
Chr3-33194546,LOC_Os03g58260,0,0,0,0,1,0,9,1,9,8,9,5,5,1,3,11,8,7,6,4,3,13,15,11,15,7,16,5,0,3,7,10,13,0,0,0,3,1,2,1,4,0
Chr3+33510514,LOC_Os03g58840,2,2,0,2,2,0,1,0,0,0,0,0,0,0,0,2,0,4,2,1,1,1,1,0,1,1,0,1,1,1,2,0,0,0,0,0,0,0,0,4,0,3
Chr3+33510451,LOC_Os03g58840,4,5,3,0,4,0,6,9,5,0,0,0,0,2,2,4,1,2,5,11,5,0,1,2,0,2,1,6,8,4,1,1,1,0,0,0,3,3,3,1,5,6
Chr3+33510134,LOC_Os03g58840,17,1,11,3,8,2,2,1,2,0,0,0,0,2,0,2,1,2,1,0,0,0,0,0,0,1,0,0,1,2,1,2,2,0,0,0,0,1,1,0,3,4
Chr3+33508886,LOC_Os03g58840,3,1,7,0,0,0,3,1,0,0,0,0,0,0,0,0,0,0,2,0,1,1,0,1,1,1,1,0,6,1,0,0,0,0,0,0,0,0,0,6,0,1
Chr3+33510359,LOC_Os03g58840,903,996,1175,433,698,1715,1263,1074,1319,421,446,425,770,654,625,508,509,509,1090,855,789,622,572,604,726,729,707,520,319,407,263,321,313,634,620,586,525,520,514,353,235,174
Chr3+34033745,LOC_Os03g59760,194,319,88,110,156,105,145,103,162,87,96,86,70,52,76,223,220,225,220,213,227,62,75,63,126,100,114,134,137,137,81,87,88,131,212,36,157,152,150,201,221,223
Chr3+34034436,LOC_Os03g59760,12,1,14,6,9,10,11,14,15,3,1,3,3,7,1,4,4,3,3,5,6,2,0,1,6,3,8,1,5,0,1,2,1,0,0,0,1,5,3,1,3,2
Chr3+34033435,LOC_Os03g59760,1,1,12,0,0,0,0,0,0,2,3,1,0,0,0,3,3,0,0,2,0,0,0,0,1,0,0,0,0,0,2,2,1,0,0,0,3,2,2,4,1,2
Chr3-35660476,LOC_Os03g63074,1,1,0,3,1,2,0,0,0,1,4,2,0,0,0,1,1,3,0,0,0,0,0,0,0,0,0,0,0,0,0,0,0,0,0,0,2,2,2,1,2,2
Chr3-35665518,LOC_Os03g63074,8,6,0,10,10,10,0,0,0,0,0,0,0,0,0,0,0,0,0,0,0,0,0,0,0,0,0,0,0,0,0,0,0,0,0,0,0,0,0,0,3,1
Chr3-35659856,LOC_Os03g63074,2,0,2,0,0,0,10,2,8,19,19,18,11,16,20,40,27,25,5,7,7,2,0,1,0,0,0,2,0,4,5,2,4,1,2,1,12,1,7,6,6,6
Chr3-35664360,LOC_Os03g63074,1444,1651,1239,1667,1190,1705,966,767,750,8,7,5,6,3,6,0,2,1,7,9,10,9,7,6,6,10,7,69,70,57,112,75,77,7,7,21,65,65,51,1335,1778,1129
Chr4-1008145,LOC_Os04g02670,136,140,135,74,251,219,378,345,392,824,808,834,350,343,336,378,346,339,438,435,480,1278,1280,1386,902,798,792,724,818,743,1397,1334,1433,259,838,955,555,497,521,183,191,157
Chr4-1008208,LOC_Os04g02670,26,11,24,18,20,34,40,46,39,65,64,62,46,32,60,37,19,29,35,41,31,91,95,75,73,71,71,53,61,53,47,35,39,24,13,41,54,43,34,33,38,41
Chr4+19677678,LOC_Os04g32650,0,0,0,5,0,9,0,0,0,1,1,1,0,0,2,0,0,0,0,0,0,0,0,2,1,0,1,0,0,2,0,0,0,2,5,2,0,0,0,0,0,0
Chr4+19682169,LOC_Os04g32650,3,2,9,2,2,1,11,11,12,28,36,37,61,60,76,56,49,48,36,36,27,32,24,34,23,24,26,9,9,9,2,2,0,3,2,8,4,5,1,5,5,7
Chr4+19682000,LOC_Os04g32650,71,66,65,74,72,80,156,103,153,159,160,160,140,84,191,228,214,215,153,154,159,88,91,83,141,127,139,41,25,70,18,18,25,80,21,84,30,32,33,107,65,95
Chr4+21010520,LOC_Os04g34720,8,9,7,5,6,6,14,15,8,0,0,4,0,0,0,4,3,5,1,1,0,4,1,4,0,2,0,5,19,10,8,5,8,0,0,0,12,28,19,22,19,4
Chr4+21010711,LOC_Os04g34720,63,70,47,77,31,41,65,78,26,25,23,24,17,23,22,43,21,28,38,24,39,14,18,28,19,28,28,16,16,26,14,19,17,14,1,2,33,38,45,52,40,39
Chr4-22246981,LOC_Os04g36859,26,26,34,53,58,55,105,167,75,82,84,76,63,73,47,66,90,58,79,79,78,126,95,91,90,93,90,73,66,64,72,55,58,60,12,1,86,73,70,86,85,83
Chr4-22246713,LOC_Os04g36859,0,10,14,8,0,0,26,27,33,40,44,45,39,43,43,38,45,47,36,41,36,81,60,59,55,47,52,56,45,46,32,37,43,22,10,10,41,37,33,8,12,13
Chr4+25191506,LOC_Os04g42580,168,162,225,68,126,5,143,113,107,34,42,39,51,24,2,29,26,26,45,56,53,48,48,46,30,38,32,77,87,54,11,19,17,0,1,1,52,51,26,272,263,257
Chr4+25191404,LOC_Os04g42580,5,1,1,0,5,3,3,3,3,0,3,2,0,0,1,3,4,3,2,0,0,1,1,0,1,2,4,1,2,1,0,0,0,0,0,0,2,2,2,0,1,4
Chr4+25191313,LOC_Os04g42580,11,8,12,10,9,11,1,3,4,15,12,13,2,3,11,5,1,12,7,5,8,1,4,0,4,4,4,5,0,3,5,5,2,19,8,24,12,20,19,13,13,13
Chr4-25573710,LOC_Os04g43220,87,64,50,104,121,82,31,18,27,48,24,31,57,63,75,74,75,81,45,44,41,22,20,19,30,24,44,29,25,32,83,64,73,22,40,3,44,50,46,48,42,45
Chr4-25575987,LOC_Os04g43220,1,0,2,4,14,11,0,0,0,0,1,1,0,0,0,0,0,0,0,0,0,0,0,0,1,0,0,0,0,0,0,0,0,0,0,0,0,0,0,0,0,0
Chr4+26285866,LOC_Os04g44400,10,14,3,18,16,14,24,24,23,75,87,71,21,26,32,57,65,52,38,35,33,89,89,97,85,36,48,53,43,46,153,152,158,50,97,108,50,40,45,13,13,13
Chr4+26286166,LOC_Os04g44400,2,3,3,6,2,12,1,0,2,0,0,0,0,0,2,0,1,0,0,0,0,0,0,0,0,1,0,0,0,0,1,0,1,0,1,0,0,1,0,2,2,2
Chr4-27570703,LOC_Os04g46480,1,4,3,0,0,0,0,0,0,1,0,0,0,0,0,1,1,0,0,0,0,0,0,0,0,0,0,0,0,0,0,0,0,0,0,0,0,0,0,2,1,2
Chr4-27570451,LOC_Os04g46480,28,15,50,70,59,60,54,46,42,50,68,74,76,78,70,83,104,84,83,73,74,51,50,64,116,138,140,24,47,56,32,34,26,27,20,9,32,19,35,36,34,19
Chr4-27570332,LOC_Os04g46480,4,3,3,2,1,4,1,1,0,2,4,4,2,7,5,4,4,10,1,2,2,3,1,1,6,7,7,3,5,4,1,0,0,1,0,0,1,0,0,5,1,1
Chr4+29535879,LOC_Os04g49510,0,0,0,0,0,0,0,0,0,3,2,3,1,0,3,2,3,3,1,0,4,2,2,2,22,17,16,10,15,12,6,5,7,0,0,0,3,6,4,0,0,0
Chr4+29532521,LOC_Os04g49510,0,0,0,0,0,0,0,0,0,3,0,0,0,0,0,0,0,0,5,1,2,1,3,5,10,11,11,3,5,7,0,0,0,0,0,0,5,3,5,1,1,0
Chr4+29532817,LOC_Os04g49510,0,1,0,0,0,0,3,1,3,3,2,0,0,0,0,7,0,1,4,0,3,12,21,26,54,56,37,13,11,17,3,3,4,0,1,2,13,2,13,0,0,0
Chr4+29535691,LOC_Os04g49510,42,40,43,36,41,39,72,74,89,288,261,287,176,183,244,519,552,562,372,359,368,345,330,314,917,1160,1010,403,395,386,158,227,247,138,124,149,345,379,402,47,44,40
Chr4+31419961,LOC_Os04g52770,5,4,3,0,0,0,10,13,11,0,1,1,0,0,0,0,0,0,1,0,0,0,0,0,0,0,1,0,0,0,2,2,0,0,0,0,3,0,4,7,5,6
Chr4+31420184,LOC_Os04g52770,4,10,2,14,9,3,55,52,30,0,2,1,0,0,0,4,1,6,1,1,1,8,5,5,4,17,4,6,4,5,15,21,18,38,10,23,7,9,8,1,0,1
Chr4+31420114,LOC_Os04g52770,23,10,8,42,20,24,100,153,170,1,0,5,0,0,0,6,7,3,3,2,2,16,13,4,43,21,34,15,13,17,45,43,45,65,81,75,20,23,25,10,16,9
Chr4-34267931,LOC_Os04g57590,276,320,322,262,276,273,135,125,114,174,164,166,316,387,283,393,393,394,259,254,252,154,153,140,99,88,90,154,142,132,58,64,61,83,123,60,122,115,115,167,211,190
Chr4-34267733,LOC_Os04g57590,1,1,1,1,3,1,0,0,0,1,0,0,5,1,6,2,2,3,2,1,0,0,1,0,1,0,2,4,0,5,0,0,0,0,0,0,0,0,1,0,0,0
Chr4-34272956,LOC_Os04g57600,28,15,3,44,36,13,17,19,17,4,1,7,1,0,2,4,6,5,0,5,6,0,0,0,3,2,3,1,2,2,5,6,3,23,10,19,3,9,2,21,19,13
Chr4-34272879,LOC_Os04g57600,2,9,0,6,6,1,0,1,1,0,0,0,0,0,0,0,0,0,0,0,0,0,0,0,0,0,0,0,0,0,1,0,1,0,0,0,0,0,0,1,4,13
Chr4-34272658,LOC_Os04g57600,468,362,468,443,515,296,401,408,557,93,88,82,177,170,173,198,305,267,213,243,236,66,88,96,131,144,153,107,109,104,153,139,177,298,323,293,185,203,199,374,373,374
Chr5+313088,LOC_Os05g01530,0,0,0,0,0,0,0,0,0,0,0,0,6,21,21,4,4,1,1,0,0,0,0,0,0,0,0,11,10,12,0,0,0,0,0,0,0,0,0,0,0,0
Chr5+313674,LOC_Os05g01530,5,0,4,4,3,4,7,8,5,318,337,309,2885,2915,2855,1523,1622,1643,370,359,340,8,9,10,1,0,0,136,164,174,126,129,120,182,70,63,156,151,126,0,1,1
Chr5-4550961,LOC_Os05g08350,0,0,0,0,0,0,0,0,0,0,0,0,0,0,0,0,0,0,0,0,0,0,0,0,0,0,0,0,0,0,1,0,0,24,58,86,0,0,0,0,0,0
Chr5-4555821,LOC_Os05g08350,4,3,7,2,3,3,18,17,18,0,1,2,3,0,0,0,0,0,8,10,9,1,7,4,5,4,5,10,5,9,24,16,11,45,9,32,7,8,7,7,4,0
Chr5-4550782,LOC_Os05g08350,0,0,0,0,0,0,0,0,0,0,0,0,0,0,0,0,0,0,0,0,0,0,0,0,0,0,0,16,9,6,213,183,212,185,182,244,0,0,0,0,0,0
Chr5+5750897,LOC_Os05g10570,3,0,3,5,11,4,3,3,1,0,0,0,8,5,7,3,2,2,2,2,2,0,0,1,0,0,0,0,0,0,0,0,1,0,0,0,0,0,0,6,2,3
Chr5+5751232,LOC_Os05g10570,0,0,0,1,0,0,13,2,1,2,0,2,0,3,3,10,12,10,3,4,3,0,0,0,0,0,0,4,4,1,3,1,5,0,0,1,2,3,2,0,1,1
Chr5+5750938,LOC_Os05g10570,6,5,3,0,4,3,4,3,3,4,4,4,10,18,17,0,5,9,4,1,1,1,1,2,2,0,1,6,8,3,1,2,0,0,0,0,1,1,1,7,6,9
Chr5-13930618,LOC_Os05g24150,0,0,0,2,1,2,3,0,0,0,0,0,0,0,0,0,0,0,0,0,0,1,0,0,1,1,1,0,0,0,4,4,1,27,6,22,0,1,2,0,0,0
Chr5-13930128,LOC_Os05g24150,0,0,0,0,0,0,1,0,2,3,5,3,2,1,1,0,0,1,0,0,0,2,2,3,1,1,0,1,0,0,5,3,4,0,0,0,15,7,3,0,0,0
Chr5-14498496,LOC_Os05g25060,8,5,0,7,8,2,0,0,0,0,0,0,2,0,1,3,1,0,0,0,0,0,0,0,0,0,0,0,0,0,0,0,0,0,0,0,0,0,0,0,0,0
Chr5-14498787,LOC_Os05g25060,3,16,7,4,4,2,4,3,0,7,19,1,10,11,12,27,18,23,12,11,11,5,3,3,3,7,6,7,5,0,7,7,7,40,0,40,12,16,13,9,0,4
Chr5-14498850,LOC_Os05g25060,15,16,21,17,9,22,4,0,1,18,19,15,12,13,13,19,22,13,9,11,12,6,8,0,7,6,3,6,4,13,7,11,4,0,0,0,11,12,12,20,19,21
Chr5-14587972,LOC_Os05g25180,39,35,14,47,72,58,27,47,40,45,51,35,57,68,60,47,49,51,40,26,42,43,50,77,61,66,72,86,71,68,83,67,74,114,52,101,44,47,29,32,48,52
Chr5-14588414,LOC_Os05g25180,87,79,76,11,37,11,25,17,20,12,15,14,8,13,5,28,32,26,16,12,32,15,17,15,17,19,21,2,7,24,44,40,44,59,79,1,19,19,12,36,52,33
Chr5+16112148,LOC_Os05g27660,132,153,154,137,203,156,304,291,299,57,43,59,45,42,57,73,80,79,100,101,98,155,162,157,249,315,255,59,48,68,46,51,50,38,17,91,72,69,71,116,104,109
Chr5+16111602,LOC_Os05g27660,5,3,4,0,0,0,2,3,3,1,4,2,0,0,0,2,1,4,2,2,5,0,0,1,1,1,1,0,0,0,0,1,0,0,0,0,1,1,4,0,0,0
Chr5+16111719,LOC_Os05g27660,7,15,17,12,17,19,7,11,6,1,1,0,4,4,2,1,5,9,11,11,11,1,3,1,2,10,12,4,1,4,4,7,7,0,0,0,6,6,8,2,2,2
Chr5+16295085,LOC_Os05g27920,3,1,0,15,4,12,0,0,0,2,3,1,0,0,0,1,0,0,0,0,0,0,1,2,1,0,1,5,3,17,0,2,2,0,0,0,2,0,0,14,13,29
Chr5+16296129,LOC_Os05g27920,2,1,1,3,2,1,4,3,1,0,0,0,0,0,0,0,0,0,0,0,1,0,0,0,0,0,0,0,0,0,0,0,0,0,0,0,0,0,0,0,0,1
Chr5+16296689,LOC_Os05g27920,0,0,0,12,0,5,1,1,1,12,0,10,1,1,3,2,4,7,4,0,2,2,2,4,1,1,0,0,3,1,7,6,5,18,5,25,0,0,0,6,9,3
Chr5+16296492,LOC_Os05g27920,89,120,155,121,71,51,147,119,74,87,107,123,67,58,78,73,61,56,89,87,75,94,101,123,74,66,80,63,64,65,96,95,103,226,57,83,149,133,82,146,144,141
Chr5-16296936,LOC_Os05g27930,4,2,5,7,11,1,0,0,0,0,0,0,0,1,2,1,0,1,1,0,0,0,2,0,2,0,2,1,1,0,1,1,1,0,0,0,0,0,0,0,0,0
Chr5-16298829,LOC_Os05g27930,19,21,20,35,13,6,12,3,7,0,0,0,1,3,0,1,1,0,1,1,1,0,1,1,3,1,2,2,1,0,4,3,4,0,0,0,0,6,2,19,12,16
Chr5-16297072,LOC_Os05g27930,214,151,135,180,90,216,131,130,131,67,70,68,97,98,109,225,233,233,139,134,128,62,65,61,118,125,146,65,51,66,81,68,82,179,125,173,140,136,148,138,138,138
Chr5-16298920,LOC_Os05g27930,7,10,14,18,3,7,0,2,1,0,0,0,0,0,0,0,1,0,1,0,0,0,0,0,0,0,0,0,0,0,1,0,0,0,0,0,0,0,0,0,0,0
Chr5-23617582,LOC_Os05g40212,3,2,0,0,0,0,0,2,1,1,3,4,5,3,6,4,0,2,4,1,1,1,1,2,0,0,0,1,0,1,1,0,1,0,0,0,2,0,2,4,2,3
Chr5-23617500,LOC_Os05g40212,2,4,2,4,3,0,9,15,6,49,45,46,29,29,22,49,47,40,31,40,41,4,2,5,2,4,8,22,20,19,24,17,15,22,1,5,42,28,33,13,13,11
Chr5+25677822,LOC_Os05g44190,0,0,0,5,12,0,3,1,2,3,5,3,10,4,6,6,3,0,1,0,2,2,4,5,4,0,0,5,3,1,3,3,4,24,5,22,0,0,1,1,2,2
Chr5+25682577,LOC_Os05g44190,2,1,2,0,0,0,0,0,0,1,1,2,0,0,0,0,0,0,0,0,0,0,2,2,1,2,2,3,2,1,10,10,5,5,0,1,12,3,4,0,4,0
Chr5-26347248,LOC_Os05g45420,272,250,237,223,197,221,264,199,193,194,174,167,269,272,205,167,198,223,146,150,149,153,163,143,97,105,98,120,140,129,302,264,219,283,412,325,157,163,143,262,261,261
Chr5-26347005,LOC_Os05g45420,26,25,37,32,40,50,32,71,53,64,74,72,80,63,85,45,54,34,39,55,42,68,50,51,24,30,20,36,26,33,171,156,150,13,83,82,24,24,20,12,25,1
Chr5+28342566,LOC_Os05g49430,7,4,14,3,3,3,0,2,1,4,2,3,5,4,7,1,1,1,0,2,2,1,1,1,2,2,2,3,5,0,2,1,2,58,28,16,0,0,0,1,1,0
Chr5+28345024,LOC_Os05g49430,140,112,85,42,71,88,100,112,107,37,21,13,27,14,29,8,10,7,5,10,4,2,12,7,32,31,30,232,186,162,87,68,71,13,4,3,13,15,17,20,12,10
Chr5-28476339,LOC_Os05g49630,4,6,1,11,14,17,19,10,12,1,1,2,0,0,0,0,0,1,3,0,1,2,1,1,2,1,0,2,2,1,3,3,3,1,0,0,21,16,14,15,10,19
Chr5-28473688,LOC_Os05g49630,7,5,2,2,7,2,1,3,2,0,0,0,8,3,11,5,3,6,2,4,4,3,3,3,2,2,2,1,1,0,13,21,18,6,10,5,0,1,0,1,2,2
Chr5-28473600,LOC_Os05g49630,3,1,1,1,1,1,1,0,2,1,0,0,2,12,3,1,6,3,0,0,0,2,0,1,0,1,1,3,1,3,8,12,14,6,6,0,2,2,2,0,1,3
Chr5+28914298,LOC_Os05g50440,4,4,2,11,2,5,4,1,2,0,0,0,1,0,1,0,0,0,0,0,0,0,2,2,1,0,0,0,0,0,1,6,9,0,0,0,0,2,2,1,5,0
Chr5+28917115,LOC_Os05g50440,6,1,4,13,8,8,0,0,0,0,0,0,0,0,0,1,3,1,0,0,0,0,0,0,0,1,0,1,1,0,1,0,0,0,0,0,0,1,0,2,1,3
Chr5+28917636,LOC_Os05g50440,27,26,31,21,28,7,17,20,11,10,11,14,21,28,20,14,12,15,20,24,22,11,7,8,7,6,7,18,17,18,9,17,17,30,12,8,27,15,14,25,23,22
Chr5+28916780,LOC_Os05g50440,0,0,0,0,3,2,0,0,0,0,0,0,0,2,3,1,0,0,3,2,3,0,0,0,1,1,0,0,0,0,1,1,1,1,0,0,2,1,1,0,1,0
Chr5+28995852,LOC_Os05g50560,0,0,0,0,0,0,1,6,0,10,4,7,4,1,4,7,7,7,1,2,1,2,2,2,0,6,6,9,3,0,15,11,8,2,39,23,4,4,3,0,0,1
Chr5+28995471,LOC_Os05g50560,14,7,2,9,5,6,9,9,4,26,30,34,73,55,84,57,60,23,19,20,19,22,24,24,26,41,23,23,32,22,20,16,19,27,44,18,23,25,29,2,3,8
Chr5+28995656,LOC_Os05g50560,0,1,0,2,2,2,9,4,12,50,18,50,127,97,105,41,60,48,13,5,16,33,36,33,27,30,13,29,14,20,40,36,50,1,0,10,22,20,29,1,1,1
Chr5+28995942,LOC_Os05g50560,0,0,0,0,0,0,1,1,1,3,3,3,8,0,8,0,7,3,0,0,0,2,0,1,0,0,0,0,0,0,0,3,3,0,0,0,0,0,0,0,0,0
Chr5-29486820,LOC_Os05g51420,47,50,61,24,70,44,30,45,46,84,71,75,119,108,100,363,363,366,298,311,312,115,109,121,415,465,471,53,51,57,95,86,78,14,36,206,99,82,72,51,62,53
Chr5-29491676,LOC_Os05g51420,0,0,0,0,1,0,6,6,6,11,7,0,1,7,0,35,39,39,31,41,36,7,4,5,16,11,13,1,5,9,2,5,2,0,0,0,12,16,11,6,2,0
Chr5-29491763,LOC_Os05g51420,0,0,0,0,0,0,0,2,0,0,0,0,0,0,5,14,9,10,6,14,5,2,1,0,2,1,0,0,0,0,0,0,0,0,0,0,4,2,0,0,0,0
Chr5-29488908,LOC_Os05g51420,2,1,0,0,0,0,1,1,1,0,3,0,0,1,2,3,1,2,0,0,0,2,0,0,1,0,2,0,0,0,1,1,1,4,2,8,0,0,0,0,0,0
Chr5-29486728,LOC_Os05g51420,0,0,0,0,0,0,0,0,0,4,4,3,9,5,9,34,25,29,9,13,21,3,2,3,24,13,30,1,3,0,17,7,8,0,0,0,1,3,8,4,3,7
Chr6+1464025,LOC_Os06g03700,3,2,2,0,0,1,0,1,4,7,3,5,22,2,16,0,0,0,0,0,0,13,16,7,0,1,0,71,70,71,1,0,0,13,22,25,4,10,5,0,3,0
Chr6+1464333,LOC_Os06g03700,1,5,4,0,0,0,0,0,0,13,10,14,13,6,17,1,1,2,0,0,0,9,8,9,0,0,2,94,97,105,0,2,3,0,0,0,10,17,4,2,1,3
Chr6+2027944,LOC_Os06g04640,46,63,74,77,66,97,64,57,61,42,48,39,51,38,57,41,41,40,73,55,74,28,29,29,33,43,45,29,33,44,46,32,37,27,39,18,46,51,45,69,56,63
Chr6+2028125,LOC_Os06g04640,4,3,3,3,1,10,1,5,5,4,2,2,5,3,8,3,3,0,4,1,0,2,4,5,6,6,6,6,3,3,0,1,1,3,4,1,1,3,3,3,1,3
Chr6+2026125,LOC_Os06g04640,2,0,4,1,0,2,0,3,0,0,3,0,0,0,0,0,0,0,1,1,0,1,1,1,2,0,0,1,1,0,0,0,0,7,2,6,0,0,0,0,0,0
Chr6+2026956,LOC_Os06g04640,0,4,6,0,1,0,1,0,0,0,0,0,5,0,1,0,0,1,1,0,1,2,2,0,2,0,0,0,1,0,2,0,0,10,3,25,0,0,0,1,1,1
Chr6+2023361,LOC_Os06g04640,0,0,0,0,0,0,2,0,0,1,0,0,2,4,2,1,0,2,1,1,1,1,1,1,1,2,2,2,1,0,0,0,0,0,0,0,0,0,0,0,2,0
Chr6-2450851,LOC_Os06g05424,11,3,7,7,2,3,1,0,3,1,1,1,0,0,0,0,0,0,0,0,0,1,1,1,0,0,0,0,0,0,0,0,0,0,0,0,0,0,0,7,1,3
Chr6-2450186,LOC_Os06g05424,8,10,9,8,12,12,11,3,11,1,0,5,6,0,11,0,0,1,5,3,4,4,3,5,20,28,18,2,2,1,0,0,0,0,0,0,0,0,0,3,2,4
Chr6-2451110,LOC_Os06g05424,26,28,16,34,40,25,39,12,2,28,27,28,2,1,4,0,0,0,1,1,3,4,3,6,17,18,19,3,4,7,0,1,1,4,25,9,0,0,0,8,47,23
Chr6-2500900,LOC_Os06g05520,3,8,9,7,3,7,3,2,1,0,0,0,0,0,0,0,0,0,0,0,0,0,0,0,1,0,0,0,0,0,0,0,0,0,0,0,1,3,2,4,4,4
Chr6-2498984,LOC_Os06g05520,41,36,36,81,28,37,86,115,70,53,55,50,47,58,62,111,153,186,81,84,76,52,45,44,49,53,47,66,65,61,50,20,72,6,5,25,84,83,69,47,45,45
Chr6-2500522,LOC_Os06g05520,0,0,0,1,1,0,1,1,2,0,0,0,0,0,0,0,1,1,0,0,0,1,1,2,1,1,1,0,0,1,4,3,5,1,0,2,1,1,1,1,3,0
Chr6+4431523,LOC_Os06g08840,66,87,48,91,115,95,50,37,22,41,40,64,13,9,10,1,1,6,8,7,8,60,54,55,44,71,40,17,34,35,23,13,11,20,155,51,65,59,62,67,61,67
Chr6+4431799,LOC_Os06g08840,7,6,7,7,16,2,0,0,0,3,4,1,3,1,3,0,1,1,0,1,0,3,3,1,4,3,4,1,1,1,2,4,1,0,0,0,1,1,1,6,7,13
Chr6+4432281,LOC_Os06g08840,31,25,32,4,23,14,37,30,41,38,36,27,43,79,57,50,50,51,30,32,25,20,20,20,30,32,30,20,22,27,32,45,30,10,9,10,34,27,29,25,21,22
Chr6+5555748,LOC_Os06g10650,1,3,0,0,1,0,0,1,1,0,0,0,0,0,0,0,0,0,0,0,0,0,0,0,0,0,0,1,0,1,1,1,0,0,0,0,2,2,2,0,0,0
Chr6+5557118,LOC_Os06g10650,0,7,3,4,7,10,29,25,21,1,1,1,3,1,5,2,1,3,2,2,2,5,4,3,0,0,0,2,0,5,2,0,2,0,0,0,7,8,3,0,0,0
Chr6+5556840,LOC_Os06g10650,4,4,2,7,6,2,9,6,2,0,1,1,0,0,0,0,0,0,0,0,1,0,1,1,0,0,0,3,2,3,2,1,0,4,66,63,4,6,5,0,0,0
Chr6+5557262,LOC_Os06g10650,23,10,4,3,0,8,42,50,42,2,0,0,1,3,2,1,0,1,2,3,2,4,3,5,1,1,2,2,7,13,5,1,0,0,0,0,0,6,2,0,1,0
Chr6+5559021,LOC_Os06g10650,591,425,328,512,705,492,910,933,1025,67,57,46,233,229,205,160,132,137,66,69,76,16,34,42,20,24,31,76,73,70,116,136,130,12,24,31,112,105,96,17,7,36
Chr6-6088312,LOC_Os06g11500,0,0,0,0,0,0,1,2,6,9,4,7,11,16,17,10,6,6,17,13,16,4,6,6,7,7,4,8,6,8,1,0,1,18,27,16,5,5,10,0,1,0
Chr6-6086303,LOC_Os06g11500,0,0,0,0,0,0,0,0,0,0,6,4,5,2,2,10,5,0,13,2,7,1,0,1,0,1,1,5,5,3,1,0,0,0,0,0,0,0,0,0,0,0
Chr6-6086537,LOC_Os06g11500,0,0,1,0,0,0,2,5,9,5,1,4,18,17,19,5,7,7,14,4,13,0,0,0,2,3,3,2,5,2,2,2,2,0,0,0,0,7,4,1,3,0
Chr6-6087327,LOC_Os06g11500,25,16,11,13,17,20,8,8,7,6,4,6,2,1,2,6,5,5,9,5,12,1,2,1,6,6,3,14,18,17,4,1,2,1,0,1,11,12,12,8,9,7
Chr6-6088558,LOC_Os06g11500,3,6,14,1,6,3,12,5,7,12,12,11,19,19,16,18,9,19,25,23,23,6,4,6,4,8,3,13,9,8,2,7,7,3,7,6,10,10,7,9,10,9
Chr6-6088236,LOC_Os06g11500,0,0,0,0,0,0,0,1,1,0,1,0,0,6,1,4,1,1,6,3,1,1,2,2,1,3,2,5,0,6,3,0,0,0,0,3,7,10,2,1,3,0
Chr6-6595939,LOC_Os06g12260,4,2,0,7,0,2,0,6,5,2,2,4,2,6,1,3,3,3,1,4,4,5,8,3,8,10,6,3,1,5,34,33,39,292,147,167,4,2,4,2,0,1
Chr6-6599210,LOC_Os06g12260,5,0,5,0,1,3,0,0,0,2,2,3,3,6,1,0,0,0,1,1,0,1,1,1,1,0,0,0,0,0,1,2,1,0,0,0,0,1,3,3,2,7
Chr6-6601362,LOC_Os06g12260,3,0,0,0,0,0,0,0,1,2,1,4,0,0,0,0,1,4,1,1,0,2,3,2,1,0,1,0,0,0,3,8,7,0,0,0,1,2,3,0,0,0
Chr6-6596226,LOC_Os06g12260,0,0,0,0,0,0,0,1,1,0,0,0,0,0,0,0,0,0,1,0,1,0,1,0,0,0,0,0,0,0,3,3,2,21,9,56,1,1,1,3,3,2
Chr6-6596175,LOC_Os06g12260,17,17,20,25,23,15,11,13,13,13,15,6,10,7,1,13,8,11,13,10,10,5,10,9,13,8,17,15,12,17,27,35,36,62,60,53,11,8,16,25,21,14
Chr6-6596674,LOC_Os06g12260,1,4,7,1,0,1,0,0,0,0,0,0,4,4,0,4,0,0,0,0,0,0,0,0,0,0,0,0,0,1,2,2,5,20,29,20,1,1,1,0,0,0
Chr6-6599471,LOC_Os06g12260,0,1,1,0,0,0,0,0,0,1,1,1,0,2,3,1,0,0,0,0,0,1,0,0,0,2,0,0,0,0,1,1,1,0,3,2,0,0,0,0,0,0
Chr6-6596367,LOC_Os06g12260,28,30,26,24,38,49,16,22,1,28,30,44,39,37,40,56,55,45,46,38,45,27,27,27,42,41,17,42,33,36,127,108,142,547,1309,31,36,32,37,31,28,31
Chr6+13328788,LOC_Os06g22850,2,1,1,0,1,6,3,2,1,0,0,0,0,0,0,2,2,2,1,0,0,1,1,1,2,2,1,3,3,1,3,3,2,1,0,1,6,5,4,1,1,1
Chr6+13329059,LOC_Os06g22850,1,0,0,2,2,1,0,0,0,2,0,0,2,2,1,2,1,2,1,1,0,0,2,0,1,1,4,2,2,4,1,1,1,1,1,0,1,0,4,0,1,0
Chr6+13331887,LOC_Os06g22850,3,4,5,8,14,4,2,4,4,1,1,2,5,5,1,2,3,4,2,0,2,2,1,2,0,2,0,3,4,2,0,5,0,0,0,0,3,4,5,0,0,0
Chr6+13332005,LOC_Os06g22850,5,5,13,1,1,1,15,4,11,1,1,1,0,2,2,3,4,6,7,6,6,2,2,1,4,4,4,2,1,3,3,4,4,1,12,6,7,5,8,0,0,1
Chr6+13332154,LOC_Os06g22850,4,2,3,0,5,1,4,1,0,0,0,0,1,0,0,4,4,2,0,0,0,0,2,4,0,1,1,0,1,0,1,2,3,0,0,0,0,1,0,1,1,0
Chr6+16510334,LOC_Os06g28970,3,6,1,1,3,3,0,0,0,0,0,0,0,0,0,0,0,0,0,0,0,0,0,0,0,0,0,1,0,0,0,4,3,0,0,0,1,1,1,1,0,0
Chr6+16512798,LOC_Os06g28970,37,22,29,22,16,23,9,10,7,210,208,209,131,146,181,121,130,105,58,46,58,71,85,76,39,34,33,90,93,107,66,67,65,22,14,27,69,54,57,21,29,31
Chr6-21345196,LOC_Os06g36360,11,11,1,3,2,0,0,1,0,0,0,0,0,0,0,0,0,0,0,0,0,1,0,0,0,7,3,0,0,0,0,1,2,0,0,0,0,0,0,1,0,1
Chr6-21344107,LOC_Os06g36360,7,6,4,19,6,11,1,1,0,0,0,0,0,0,0,0,0,0,0,0,0,0,0,0,3,1,1,0,0,0,0,0,0,0,0,0,1,2,1,3,3,3
Chr6-21343409,LOC_Os06g36360,286,242,267,315,231,297,476,622,665,106,124,126,164,142,173,198,133,193,272,253,249,111,164,135,388,567,496,190,196,200,239,188,219,783,660,654,298,214,193,242,139,128
Chr6-21345293,LOC_Os06g36360,3,3,4,11,2,3,0,0,0,0,0,0,0,0,0,0,0,0,0,0,0,0,0,0,5,0,5,2,2,2,0,1,0,0,0,0,1,2,3,0,0,0
Chr6+21885211,LOC_Os06g37070,373,263,286,289,323,310,362,359,529,172,146,138,68,56,46,47,46,61,132,137,150,301,328,355,265,281,232,229,216,182,367,339,309,30,82,15,249,286,291,617,599,611
Chr6+21885295,LOC_Os06g37070,10,17,26,18,19,25,19,12,28,13,15,12,13,9,11,4,5,4,11,13,12,37,21,31,18,20,19,19,18,17,18,17,21,5,6,3,16,13,14,27,37,29
Chr6-22271400,LOC_Os06g37620,16,15,21,24,4,41,10,11,3,1,2,1,0,1,0,11,3,11,8,10,9,2,2,5,50,46,46,0,1,0,0,3,1,0,0,0,11,10,10,23,22,22
Chr6-22271320,LOC_Os06g37620,7,7,3,2,1,0,9,6,8,4,3,4,5,6,11,10,11,12,13,10,12,6,0,3,33,29,37,5,5,2,3,2,2,0,0,0,7,6,7,8,9,3
Chr6-24363906,LOC_Os06g40850,4,9,4,0,0,0,0,4,4,36,45,52,6,2,1,0,0,0,1,1,1,43,45,40,31,33,30,12,13,15,20,22,26,110,33,58,45,14,43,15,10,5
Chr6-24364093,LOC_Os06g40850,0,0,0,0,0,0,0,0,0,9,10,14,0,0,0,0,0,0,0,0,0,14,7,9,6,7,4,0,3,0,4,3,4,0,0,0,15,9,10,0,0,0
Chr6+26302824,LOC_Os06g43680,11,6,11,0,26,60,6,5,2,5,6,7,6,4,3,7,4,11,3,3,4,0,8,5,12,12,11,7,5,3,6,7,1,8,5,3,11,10,10,7,6,13
Chr6+26297637,LOC_Os06g43680,13,14,14,9,9,1,1,0,0,0,0,0,0,0,0,0,0,0,0,0,0,0,0,1,1,1,0,0,0,0,0,0,0,0,0,0,0,0,0,5,5,5
Chr6+26303103,LOC_Os06g43680,44,58,26,25,25,19,22,21,14,35,29,33,66,65,62,66,68,65,44,44,45,26,28,23,84,83,76,27,36,35,19,12,19,1,9,33,23,26,13,33,34,22
Chr6+26303034,LOC_Os06g43680,17,11,16,8,16,5,10,3,6,10,6,7,19,18,15,13,24,11,5,4,5,4,9,7,21,21,5,6,6,6,5,2,3,0,0,0,5,8,14,21,9,14
Chr6-28090118,LOC_Os06g46330,8,5,3,7,10,14,2,4,0,7,5,4,1,9,10,18,16,18,22,18,18,21,15,17,30,34,36,5,24,34,7,5,6,0,0,1,14,15,15,6,6,6
Chr6-28090354,LOC_Os06g46330,3,1,2,1,3,0,0,0,0,0,0,0,0,0,0,1,0,0,2,2,2,1,1,0,4,5,5,1,0,0,1,1,1,13,19,42,2,0,5,0,0,0
Chr6+28402076,LOC_Os06g46770,1,22,8,5,5,8,0,0,0,0,0,0,0,0,0,0,0,0,0,0,0,0,0,0,0,0,0,0,0,0,0,0,0,0,0,0,0,0,0,5,2,4
Chr6+28404272,LOC_Os06g46770,6,0,0,4,7,7,3,4,5,2,3,1,8,2,8,2,0,2,1,1,3,0,5,2,14,11,12,6,8,6,1,1,2,0,0,0,4,4,4,4,1,1
Chr6+28429285,LOC_Os06g46820,8,2,5,5,6,3,0,0,0,0,0,0,0,0,0,0,2,0,1,0,0,0,0,0,0,1,0,0,0,0,0,0,0,0,0,0,1,1,1,3,3,2
Chr6+28430344,LOC_Os06g46820,0,0,0,0,0,0,0,0,1,4,3,4,3,5,7,2,2,1,1,0,0,4,3,2,7,6,6,2,0,0,0,1,2,2,2,0,0,1,1,0,0,1
Chr6+28430159,LOC_Os06g46820,57,52,36,73,70,101,37,33,35,70,78,85,70,56,89,87,85,88,64,90,65,60,53,59,119,117,117,45,72,42,51,56,47,75,32,37,54,56,53,42,31,60
Chr6+28428954,LOC_Os06g46820,0,0,0,0,0,0,0,0,0,0,0,0,0,0,0,0,0,0,0,0,0,0,0,0,0,0,0,0,0,0,0,0,0,22,6,21,0,0,0,0,0,0
Chr6+28674684,LOC_Os06g47300,1,11,9,9,7,8,0,0,0,0,0,0,0,0,0,0,2,2,1,0,1,0,0,0,0,0,1,2,1,1,2,1,0,24,2,18,8,1,1,11,11,12
Chr6+28674823,LOC_Os06g47300,24,10,18,14,20,25,23,25,22,46,46,47,44,53,44,106,74,84,40,45,44,24,36,27,64,64,52,35,30,33,55,45,25,3,28,12,46,44,45,34,35,32
Chr6+28674960,LOC_Os06g47300,0,0,0,1,3,2,0,0,0,0,0,0,1,0,1,0,0,0,3,2,2,0,1,1,1,0,3,0,0,0,0,2,0,0,0,0,0,0,0,0,0,0
Chr6+29750595,LOC_Os06g49090,29,0,29,31,38,28,15,13,6,7,10,1,11,13,10,8,9,7,6,5,4,11,13,11,10,16,17,14,7,9,15,15,12,6,2,15,7,6,8,18,21,17
Chr6+29749479,LOC_Os06g49090,21,14,29,33,47,26,9,40,13,33,28,29,28,27,43,30,35,30,35,37,48,23,25,22,17,22,25,36,27,30,53,42,25,30,1,27,53,62,59,48,55,46
Chr6+29749884,LOC_Os06g49090,1,1,0,10,2,0,1,5,0,0,0,0,0,0,0,1,1,1,0,1,0,1,0,0,0,0,1,0,0,0,0,0,0,6,3,7,0,0,0,1,1,1
Chr7-5418769,LOC_Os07g10110,2,6,2,10,9,7,14,19,10,42,57,37,6,10,12,7,12,26,10,9,11,51,82,63,40,51,42,21,13,22,114,111,113,41,64,83,45,44,52,8,8,6
Chr7-5418998,LOC_Os07g10110,0,0,0,6,3,3,0,0,0,1,1,2,0,0,0,0,0,1,0,0,0,1,1,1,2,1,3,0,0,0,7,1,1,0,0,0,0,1,2,1,0,1
Chr7-8939846,LOC_Os07g15440,3,21,18,0,0,0,4,3,3,2,1,1,0,0,0,0,0,0,0,0,0,2,1,2,1,0,2,3,2,1,2,2,0,1,0,0,4,4,3,6,6,5
Chr7-8930109,LOC_Os07g15440,18,66,35,35,7,17,7,6,23,3,2,5,1,1,0,5,4,1,5,9,3,1,1,0,9,9,9,11,21,13,10,9,9,0,0,0,20,17,21,51,56,47
Chr7-8938123,LOC_Os07g15440,3,1,4,4,4,1,0,0,0,0,0,0,0,0,0,0,0,0,0,0,0,0,0,0,0,0,0,0,0,0,0,0,0,0,0,0,0,0,0,2,2,3
Chr7-8930453,LOC_Os07g15440,16,14,13,30,30,1,6,1,1,0,0,0,0,0,0,0,0,0,0,0,1,0,0,0,0,0,1,2,2,3,1,1,0,18,29,14,1,4,8,14,11,10
Chr7-16941845,LOC_Os07g28900,0,0,0,0,0,0,17,1,3,2,1,5,2,2,0,0,3,1,0,1,1,4,4,4,2,8,0,0,3,3,1,0,2,0,0,0,4,3,3,0,0,0
Chr7-16941916,LOC_Os07g28900,0,0,0,0,0,0,0,1,1,5,1,3,1,1,0,2,5,2,3,5,0,6,2,5,2,2,2,0,0,0,1,1,1,7,3,14,3,1,3,0,0,0
Chr7-16942324,LOC_Os07g28900,0,0,0,0,0,0,0,0,0,0,0,0,3,0,0,4,2,3,1,1,1,0,2,3,1,0,3,0,0,0,0,0,0,0,0,0,1,0,3,11,2,0
Chr7-16942243,LOC_Os07g28900,0,0,0,0,0,0,0,1,0,0,1,0,0,0,0,1,0,0,0,1,1,0,1,0,0,1,0,2,0,1,1,4,0,0,0,0,2,1,4,5,0,0
Chr7+19501751,LOC_Os07g32670,1,0,0,0,2,1,0,0,0,0,0,0,0,0,0,0,0,0,0,0,0,0,0,0,2,2,4,0,0,0,0,0,0,12,15,33,0,0,0,2,3,2
Chr7+19505154,LOC_Os07g32670,33,34,27,20,29,33,39,68,57,126,127,122,69,46,1,38,39,46,107,103,89,165,197,164,128,146,200,128,144,104,98,97,101,83,11,59,76,107,69,37,40,34
Chr7+22570551,LOC_Os07g37640,0,0,0,0,2,2,0,2,0,0,0,1,1,0,1,1,0,0,1,1,1,0,0,0,0,0,0,0,0,0,0,0,1,7,8,5,0,0,0,0,0,0
Chr7+22571398,LOC_Os07g37640,7,4,19,1,4,5,1,0,3,0,0,0,0,0,0,0,1,2,1,2,0,0,0,1,0,0,0,1,1,1,0,0,0,0,0,0,2,1,3,10,12,11
Chr7+22571508,LOC_Os07g37640,106,118,107,80,39,90,45,45,46,22,18,19,21,19,18,21,23,26,26,40,22,47,62,47,33,32,19,39,40,39,43,36,45,84,66,7,162,114,139,204,187,191
Chr7+22921966,LOC_Os07g38220,0,0,0,0,0,0,6,4,6,13,6,9,0,0,0,2,8,3,2,9,1,19,15,17,23,37,23,8,7,8,8,3,5,0,6,3,20,21,17,0,6,0
Chr7+22922212,LOC_Os07g38220,0,0,0,0,0,0,2,0,3,0,0,0,0,0,0,0,0,0,0,0,0,0,0,0,0,1,0,0,0,0,0,0,0,8,24,15,0,0,0,0,0,0
Chr7+22922385,LOC_Os07g38220,2,2,3,12,4,7,9,5,17,0,0,5,1,1,0,1,4,0,7,7,7,10,11,9,20,23,20,7,3,6,0,2,2,0,1,0,15,18,18,1,2,6
Chr7-23888762,LOC_Os07g39840,3,7,5,0,8,1,0,0,0,1,0,2,1,1,0,2,3,2,1,0,2,4,2,2,0,0,0,1,0,0,0,0,0,0,0,0,0,0,0,7,10,7
Chr7-23890107,LOC_Os07g39840,3,0,1,0,3,1,0,0,1,3,2,3,2,3,4,1,3,2,1,2,2,0,1,1,0,2,2,2,1,1,2,1,2,13,14,9,1,0,0,1,0,0
Chr7-23888318,LOC_Os07g39840,3,4,5,12,16,18,60,81,41,54,45,39,49,51,50,63,59,51,96,47,45,88,61,95,47,49,46,63,46,70,123,119,75,75,93,79,73,78,87,34,32,34
Chr7-24487820,LOC_Os07g40910,0,0,0,3,4,0,0,0,0,191,180,190,0,0,0,1,7,1,0,0,0,598,678,782,81,61,111,9,9,7,0,1,0,0,0,0,0,0,0,0,0,0
Chr7-24487638,LOC_Os07g40910,7,2,0,6,1,3,0,1,1,1,1,1,3,2,2,1,2,1,0,0,0,1,1,1,1,5,1,3,2,0,1,1,1,6,8,7,0,0,0,0,0,0
Chr7-24515329,LOC_Os07g40974,0,0,0,7,0,5,0,0,0,99,126,45,470,569,485,387,413,391,125,115,122,1,2,2,0,1,1,10,16,7,0,0,0,9,22,13,0,0,0,0,0,0
Chr7-24515257,LOC_Os07g40974,0,0,0,0,0,0,0,0,0,0,0,0,11,6,7,16,15,12,3,2,2,0,0,0,0,0,0,0,0,0,0,0,0,1,9,10,0,0,0,0,0,0
Chr7-24515657,LOC_Os07g40974,3,3,4,4,1,5,0,2,1,1,2,1,10,3,13,12,12,7,8,14,9,2,1,1,0,1,3,1,2,1,0,2,0,2,1,4,0,0,0,1,1,1
Chr7-25699900,LOC_Os07g42924,0,0,0,0,0,0,0,0,0,1,1,1,1,0,0,0,0,0,13,10,9,2,2,3,0,0,0,1,1,2,0,0,0,9,11,3,1,2,2,0,0,0
Chr7-25699815,LOC_Os07g42924,0,0,0,0,0,0,0,0,0,2,2,2,0,0,0,1,0,0,2,1,9,7,2,6,2,1,0,0,1,2,0,0,0,2,18,10,1,1,2,0,0,0
Chr7-25696802,LOC_Os07g42924,0,0,0,2,1,0,3,1,0,10,13,3,0,0,0,0,0,0,26,26,20,36,31,38,37,21,36,37,38,50,8,9,13,0,1,1,16,17,16,2,1,0
Chr7-25698889,LOC_Os07g42924,0,1,0,1,5,2,2,2,4,0,0,0,0,0,0,0,0,0,3,2,0,3,3,4,2,2,0,14,9,10,3,4,0,14,4,31,2,5,2,2,2,0
Chr7+25797007,LOC_Os07g43050,1,1,1,0,0,0,0,0,2,1,0,0,0,0,0,0,8,6,1,1,1,1,0,0,0,1,0,1,0,0,2,0,1,0,0,0,2,0,0,1,1,1
Chr7+25796904,LOC_Os07g43050,2,1,0,0,0,0,4,3,2,0,0,0,1,5,1,2,2,2,0,0,0,0,0,1,0,0,0,0,0,0,3,3,1,0,0,0,1,0,0,0,2,0
Chr7+25797666,LOC_Os07g43050,22,21,42,13,11,21,62,80,48,38,16,19,61,43,92,82,108,76,33,32,29,11,9,12,13,5,12,28,31,31,22,17,22,41,10,31,25,19,27,3,5,9
Chr7+25796657,LOC_Os07g43050,134,156,214,127,109,110,107,106,99,59,64,63,79,92,109,55,52,34,22,66,42,63,63,64,26,36,42,41,38,48,52,47,46,78,69,77,53,40,44,166,166,168
Chr7-28448591,LOC_Os07g47580,9,17,19,12,2,18,26,24,32,3,4,5,8,8,7,17,20,10,16,28,11,14,13,14,10,12,11,10,16,2,6,7,10,41,68,20,20,21,19,12,12,10
Chr7-28448741,LOC_Os07g47580,527,440,508,342,428,614,618,577,719,143,146,165,98,120,109,223,180,235,371,355,439,243,249,246,248,245,249,169,100,130,126,138,110,239,5,329,314,265,300,629,626,626
Chr7-28450991,LOC_Os07g47580,1,1,0,12,5,3,3,6,8,4,1,1,6,9,2,5,0,0,2,5,1,7,3,2,1,0,0,2,2,2,2,3,1,1,14,25,0,1,1,1,1,1
Chr8-197984,LOC_Os08g01310,5,7,1,3,3,1,0,1,0,0,0,0,2,2,1,0,0,1,0,1,0,0,0,1,0,0,0,1,0,2,1,1,0,6,2,2,0,0,0,0,0,0
Chr8-195818,LOC_Os08g01310,0,0,0,0,0,0,0,0,0,1,0,3,1,1,0,0,0,0,0,0,0,2,2,2,2,6,5,1,2,2,0,0,0,0,0,1,0,0,0,0,0,0
Chr8-195987,LOC_Os08g01310,1,8,13,4,10,8,14,13,19,146,147,141,8,19,12,6,6,8,21,45,19,84,154,132,166,170,151,41,32,31,6,14,16,12,10,11,53,67,57,4,3,3
Chr8-539854,LOC_Os08g01880,33,40,37,22,27,26,20,11,7,20,17,10,39,30,44,43,43,46,43,43,33,19,23,15,85,88,62,34,34,32,15,14,24,17,2,30,20,21,18,4,6,11
Chr8-540120,LOC_Os08g01880,23,18,27,17,16,19,7,3,8,9,10,4,7,6,2,8,5,3,11,9,11,8,10,8,47,30,41,12,12,10,11,13,13,0,0,0,11,10,11,22,11,7
Chr8-540064,LOC_Os08g01880,0,0,0,0,0,1,0,0,0,0,0,0,0,0,0,0,0,0,1,0,0,0,1,0,3,0,6,2,5,4,0,1,2,1,2,3,0,1,0,2,2,1
Chr8-2195580,LOC_Os08g04470,0,1,1,0,7,2,0,0,3,0,0,0,0,0,0,0,0,0,0,0,0,0,1,0,2,2,8,3,1,1,0,1,1,0,0,0,4,0,2,0,0,0
Chr8-2195702,LOC_Os08g04470,1,0,7,3,1,1,0,0,0,0,0,1,0,0,0,0,0,0,0,0,0,1,0,1,0,0,0,2,1,2,0,0,0,0,0,0,1,1,0,1,1,1
Chr8-2195470,LOC_Os08g04470,121,122,116,90,60,121,98,117,96,21,25,35,71,67,49,114,91,98,80,74,82,31,33,31,121,122,123,60,58,63,26,31,30,2,37,28,64,57,67,55,60,59
Chr8-2195287,LOC_Os08g04470,4,5,4,3,4,3,3,5,9,2,7,7,12,13,11,8,7,6,8,7,9,2,10,7,30,22,15,9,9,11,11,12,7,0,6,0,10,9,8,1,3,2
Chr8+3962199,LOC_Os08g07080,0,0,0,0,0,0,0,0,0,0,0,0,2,9,2,1,1,3,0,9,3,0,0,0,0,0,0,0,0,0,0,0,0,2,2,2,0,0,0,0,0,0
Chr8+3965496,LOC_Os08g07080,0,0,0,0,0,0,0,0,0,16,23,0,1303,1266,1274,324,289,324,295,324,266,0,0,0,0,0,0,30,13,5,0,0,0,12,123,195,0,0,0,0,0,0
Chr8+3962989,LOC_Os08g07080,0,0,0,0,0,0,0,0,0,3,4,4,63,68,64,18,21,9,45,65,28,0,0,0,0,0,0,0,1,0,0,0,0,0,1,17,0,0,0,0,0,0
Chr8+3965609,LOC_Os08g07080,0,0,0,0,0,0,0,0,0,7,7,8,668,586,705,231,212,227,296,304,319,0,0,0,0,0,0,0,12,5,0,0,0,96,20,64,0,0,0,0,0,0
Chr8+3961638,LOC_Os08g07080,0,0,0,0,0,0,0,0,0,0,0,0,24,14,14,2,6,4,2,3,2,0,0,0,0,0,0,0,0,0,0,0,0,2,2,16,0,0,0,0,0,0
Chr8+3962544,LOC_Os08g07080,0,0,0,2,0,0,0,0,0,2,1,2,29,32,20,8,7,11,28,32,39,0,0,0,0,0,0,1,1,1,0,0,0,23,14,22,0,1,0,0,0,0
Chr8-5422294,LOC_Os08g09350,209,165,114,196,192,160,238,181,251,60,48,40,1,7,2,6,8,21,46,56,66,242,225,252,139,135,114,80,62,56,25,67,53,76,84,69,227,221,268,240,249,251
Chr8-5426055,LOC_Os08g09350,2,3,2,0,0,0,6,6,3,0,0,0,3,1,1,0,0,0,0,0,0,1,1,4,0,0,0,0,0,0,0,0,2,0,0,0,1,0,0,4,5,4
Chr8-7559428,LOC_Os08g12760,23,50,39,83,41,18,136,119,152,151,167,171,211,205,230,282,276,182,155,157,153,144,145,166,143,137,151,123,123,126,136,117,106,146,124,151,113,93,110,82,56,63
Chr8-7560395,LOC_Os08g12760,1,11,5,10,7,14,0,0,0,0,0,0,0,0,0,0,0,0,0,0,0,0,0,0,0,0,0,0,0,0,0,0,0,0,0,0,0,0,0,3,3,4
Chr8-7560526,LOC_Os08g12760,16,20,14,41,34,44,0,3,2,0,1,0,11,4,1,0,4,0,1,0,0,0,0,0,2,0,2,3,0,0,0,0,0,0,3,2,1,1,0,11,11,26
Chr8+8306397,LOC_Os08g13880,1,3,1,10,3,1,2,1,2,1,3,0,4,3,3,2,1,1,0,0,1,1,0,1,0,0,0,0,2,2,5,4,6,0,11,1,0,0,0,1,1,2
Chr8+8299502,LOC_Os08g13880,5,0,3,1,0,5,6,3,6,6,26,15,11,8,14,5,7,11,10,6,6,10,2,9,4,7,3,3,3,4,7,7,7,8,2,4,6,3,9,3,5,5
Chr8+8307326,LOC_Os08g13880,0,0,1,0,0,0,0,2,0,3,0,7,6,4,9,5,3,5,2,3,3,5,1,0,0,1,0,1,6,8,2,0,11,35,10,23,1,9,1,1,4,7
Chr8+8307481,LOC_Os08g13880,0,0,0,0,0,0,4,0,2,3,1,8,5,6,5,1,5,6,0,0,2,1,1,2,1,0,2,12,10,11,5,11,9,4,5,3,2,2,2,0,0,0
Chr8+8308273,LOC_Os08g13880,39,19,9,49,57,48,98,121,31,15,10,9,18,18,19,6,8,4,6,7,7,13,18,13,20,18,10,16,36,25,6,8,2,24,52,57,2,4,0,70,15,45
Chr8+9126821,LOC_Os08g15080,35,34,25,34,52,57,101,19,14,87,102,80,93,80,54,90,120,106,113,150,109,88,80,82,88,65,79,63,60,72,37,37,37,25,5,102,62,67,65,30,30,30
Chr8+9126451,LOC_Os08g15080,1,0,0,2,0,1,2,3,0,1,0,1,3,2,0,8,8,8,1,0,5,1,2,0,0,1,2,2,2,2,1,3,4,4,2,5,1,1,1,5,2,4
Chr8+9127451,LOC_Os08g15080,46,45,53,97,64,34,86,76,83,30,30,31,32,39,31,48,56,53,48,41,46,20,19,22,16,18,11,45,50,45,17,21,24,21,1,17,46,54,64,65,71,89
Chr8+9127610,LOC_Os08g15080,2,3,4,1,0,0,12,7,3,0,0,0,0,0,0,0,0,1,2,1,1,2,2,5,1,2,1,4,3,1,3,2,0,0,0,0,1,2,1,1,4,5
Chr8+13366438,LOC_Os08g22149,8,0,5,0,0,1,3,1,0,8,8,7,1,0,0,1,1,4,4,2,2,2,1,3,0,1,0,2,1,3,3,2,1,0,0,0,1,2,3,1,1,1
Chr8+13360118,LOC_Os08g22149,0,0,0,0,0,0,0,0,0,0,0,0,0,0,0,0,0,0,0,0,0,0,0,0,0,0,0,0,1,0,1,1,1,35,10,33,2,1,2,0,0,0
Chr8+13367547,LOC_Os08g22149,20,33,38,17,13,27,151,127,125,727,699,747,988,1045,1126,736,752,651,426,428,413,212,237,226,135,121,117,237,362,288,175,198,177,80,4,178,245,294,259,69,69,63
Chr8+15501312,LOC_Os08g25460,0,0,0,0,0,0,0,1,0,0,0,1,0,0,0,0,0,0,0,0,0,0,0,2,0,0,0,4,5,3,1,0,1,0,0,0,0,0,0,15,1,4
Chr8+15499792,LOC_Os08g25460,2,3,6,3,2,2,0,0,0,0,0,0,1,0,3,0,0,0,0,1,0,0,0,0,0,0,0,1,0,2,4,0,2,0,0,1,0,0,0,0,0,0
Chr8+15501844,LOC_Os08g25460,273,272,290,256,276,248,269,207,307,93,90,63,100,34,88,150,140,146,258,209,212,126,97,123,100,109,131,135,102,127,126,162,150,126,445,15,124,118,124,180,178,186
Chr8-16915204,LOC_Os08g27759,0,0,0,0,0,0,0,0,0,1,1,4,0,2,1,2,1,2,0,0,1,1,0,1,1,0,1,0,1,0,0,0,0,2,0,3,0,0,0,0,0,0
Chr8-16916653,LOC_Os08g27759,21,18,20,7,3,3,53,28,40,9,18,5,0,9,2,9,6,10,18,14,15,3,1,3,2,1,2,27,33,40,3,3,7,82,70,123,8,28,15,19,19,19
Chr8+18959593,LOC_Os08g30730,28,52,39,49,61,65,34,55,71,105,107,106,315,385,340,481,558,537,320,349,418,32,24,32,36,43,39,56,50,64,48,75,47,242,253,159,60,66,72,23,30,25
Chr8+18960942,LOC_Os08g30730,6,0,1,0,0,2,0,3,2,0,0,0,1,3,7,9,12,19,1,1,2,1,0,0,3,0,0,1,1,5,1,1,0,0,0,0,3,2,5,3,3,3
Chr8+18961118,LOC_Os08g30730,1,0,1,5,2,4,4,2,3,0,0,0,11,4,10,3,5,2,2,2,2,0,0,0,0,0,0,0,0,0,1,0,0,0,0,0,1,0,0,1,0,2
Chr8+21211625,LOC_Os08g33900,1,0,0,2,4,0,7,18,10,38,27,25,22,27,29,52,41,47,17,5,6,2,0,3,1,0,1,12,10,10,2,1,1,0,0,0,5,12,7,3,5,2
Chr8+21211735,LOC_Os08g33900,6,7,6,2,4,4,4,2,2,13,17,13,5,7,5,10,9,11,0,1,1,1,1,1,0,0,0,10,7,6,1,2,4,10,4,4,1,4,1,1,1,1
Chr8+21211986,LOC_Os08g33900,0,0,0,4,4,4,1,3,1,2,1,2,0,0,0,1,2,4,0,0,0,0,0,0,0,0,0,0,0,1,0,0,0,0,0,0,1,0,0,0,1,0
Chr8+23388630,LOC_Os08g36980,59,68,54,24,36,52,51,35,48,10,16,6,16,24,20,10,10,8,11,12,19,6,6,6,4,6,4,10,10,14,7,10,9,0,1,0,17,15,26,13,43,48
Chr8+23388721,LOC_Os08g36980,23,43,16,18,30,38,20,20,15,5,12,9,3,37,17,8,10,7,11,9,11,13,15,16,7,10,8,4,6,3,8,0,6,1,4,1,17,4,15,22,13,19
Chr8+23844487,LOC_Os08g37610,123,121,109,112,101,100,97,86,48,105,90,112,214,237,213,130,186,178,119,128,121,48,45,55,38,44,42,84,72,92,97,95,96,41,41,70,79,86,97,110,112,115
Chr8+23839246,LOC_Os08g37610,0,0,0,0,0,0,0,0,1,0,0,0,0,0,2,0,1,1,0,0,0,2,1,1,0,1,1,0,0,0,0,0,3,15,35,29,0,0,0,0,0,0
Chr8-23850573,LOC_Os08g37650,2,0,1,3,2,2,1,2,2,0,0,1,0,0,0,0,0,0,0,0,0,0,0,0,1,1,1,1,0,0,0,0,0,0,0,0,2,3,2,3,6,1
Chr8-23850434,LOC_Os08g37650,3,11,9,10,4,1,7,17,22,0,2,0,2,0,2,1,2,0,0,5,3,4,8,0,5,5,5,11,11,12,46,52,50,230,120,38,22,10,15,2,9,15
Chr8-23851091,LOC_Os08g37650,0,0,1,0,0,0,1,3,1,4,1,3,4,0,2,0,0,0,3,2,2,5,3,5,0,2,0,2,3,5,30,37,28,0,0,0,5,6,7,5,4,5
Chr8-23850709,LOC_Os08g37650,5,3,1,1,3,3,3,6,0,2,1,2,0,0,0,2,0,0,1,0,2,1,2,0,4,3,3,0,0,0,6,6,4,0,0,0,2,4,6,0,0,0
Chr8-23850891,LOC_Os08g37650,473,244,319,12,38,25,64,64,48,1,0,0,1,1,1,2,0,1,6,2,4,6,0,4,0,1,1,6,6,11,7,8,7,1,1,5,18,14,18,808,792,754
Chr8+25487071,LOC_Os08g40260,7,5,2,0,0,0,1,2,4,1,0,0,1,0,0,1,2,2,0,0,0,0,0,0,1,1,1,0,0,0,0,0,0,0,0,0,1,1,0,2,1,1
Chr8+25483360,LOC_Os08g40260,0,0,0,0,0,0,0,0,0,4,3,3,3,1,2,1,1,1,6,5,5,3,5,3,5,3,4,10,6,8,1,0,1,0,0,0,3,5,8,3,1,1
Chr8+25487248,LOC_Os08g40260,264,212,301,220,174,214,354,272,297,356,317,315,590,620,457,523,577,544,417,421,444,301,216,251,324,337,333,624,456,530,446,475,249,232,175,295,537,603,596,139,154,139
Chr8+25486939,LOC_Os08g40260,14,15,11,17,9,8,4,4,6,4,3,2,0,0,0,2,1,0,0,1,1,1,1,0,5,7,5,3,5,3,3,3,1,0,0,0,4,3,3,10,10,10
Chr8-27345090,LOC_Os08g43250,0,0,0,0,0,0,0,0,0,15,2,5,0,0,0,0,0,0,0,0,0,1,0,0,0,0,0,18,12,11,1,1,3,0,0,0,1,4,2,0,0,0
Chr8-27344944,LOC_Os08g43250,0,0,0,0,0,0,0,0,0,6,3,8,0,0,0,0,0,0,0,0,0,0,0,0,0,0,0,21,21,9,11,7,10,0,0,0,4,3,4,0,0,0
Chr8-27345174,LOC_Os08g43250,0,0,0,0,0,0,6,1,5,20,28,27,0,0,0,0,0,0,0,0,0,1,0,3,1,2,0,21,19,13,2,0,1,0,0,0,2,2,4,0,0,0
Chr9-2505810,LOC_Os09g04720,42,28,38,37,31,16,34,25,39,20,16,13,10,6,1,12,19,22,13,26,21,25,19,11,27,13,31,19,24,20,20,27,23,49,2,32,12,14,17,53,30,24
Chr9-2505260,LOC_Os09g04720,0,0,3,0,0,0,1,7,1,1,3,2,0,0,0,1,0,1,1,1,0,0,1,0,0,1,1,0,0,0,8,4,7,0,0,0,0,0,0,0,0,0
Chr9+2600539,LOC_Os09g04880,0,0,0,0,0,0,0,2,0,1,1,1,1,0,1,4,4,4,1,0,1,0,0,0,0,0,3,3,4,4,2,2,2,0,0,0,3,3,3,3,2,2
Chr9+2600727,LOC_Os09g04880,9,15,12,12,15,17,27,30,30,94,72,99,102,100,111,207,174,192,86,58,79,27,36,31,21,20,18,13,28,17,33,32,30,42,20,48,47,62,48,9,3,9
Chr9-7299795,LOC_Os09g12730,3,0,1,0,0,0,4,0,0,2,2,1,0,7,0,3,2,1,0,0,0,1,0,2,0,0,0,1,3,2,2,9,6,2,3,2,1,2,1,0,0,0
Chr9-7299837,LOC_Os09g12730,0,1,1,1,0,0,0,3,1,0,2,2,1,0,0,4,2,3,1,0,1,0,0,0,1,0,1,2,5,2,7,12,11,27,10,43,7,7,5,5,6,5
Chr9-7293068,LOC_Os09g12730,15,21,23,45,43,42,30,27,27,26,18,13,21,41,28,24,31,14,12,19,14,18,17,18,10,11,9,16,17,15,20,14,21,56,14,27,20,20,19,18,23,14
Chr9+14454341,LOC_Os09g24310,0,2,0,0,0,0,0,0,0,12,10,15,3,4,5,0,4,2,1,3,2,2,3,5,8,11,10,6,3,2,0,0,0,0,0,0,5,5,3,0,0,0
Chr9+14454155,LOC_Os09g24310,0,0,0,0,0,0,0,0,0,4,4,2,5,3,5,1,0,0,0,2,6,8,0,0,6,5,4,7,3,0,0,0,0,23,6,16,1,1,2,0,0,0
Chr9+16838739,LOC_Os09g27660,3,0,3,9,7,7,0,0,0,0,0,0,0,3,0,1,1,1,1,0,0,0,0,0,0,0,0,0,0,0,0,0,0,0,0,0,0,1,0,1,1,1
Chr9+16837449,LOC_Os09g27660,0,0,0,4,2,2,0,1,1,3,2,1,3,6,7,2,1,2,2,3,2,1,1,1,2,2,1,0,5,0,2,3,2,0,0,0,1,0,2,0,0,0
Chr9+16837283,LOC_Os09g27660,21,24,10,24,16,31,11,14,7,17,17,17,58,47,64,69,69,63,51,49,86,9,6,7,11,17,14,22,28,25,34,24,21,0,0,0,23,14,10,8,3,4
Chr9+16830448,LOC_Os09g27660,0,0,0,0,0,0,0,0,0,0,0,0,0,0,0,0,0,0,0,0,0,0,0,0,0,0,0,0,0,0,0,0,0,8,27,16,4,3,4,0,0,0
Chr9+16837503,LOC_Os09g27660,4,5,4,0,1,0,0,0,0,1,1,0,3,0,2,5,0,0,0,0,1,0,0,0,3,1,0,0,3,1,0,0,0,0,0,0,0,1,2,0,0,0
Chr9+16836616,LOC_Os09g27660,3,2,1,15,3,19,48,45,44,20,22,16,15,27,29,51,50,52,33,50,19,7,9,13,8,12,10,44,31,17,42,33,41,2,5,8,54,55,57,4,5,3
Chr9+16830555,LOC_Os09g27660,0,0,0,0,0,0,0,0,0,0,0,0,0,0,0,0,0,0,0,0,0,0,0,0,0,0,0,0,1,0,0,0,0,9,22,46,2,3,2,0,0,0
Chr9+16836555,LOC_Os09g27660,0,0,0,5,6,0,2,1,0,0,0,0,2,2,0,1,3,5,2,2,0,0,0,0,0,0,1,1,1,1,1,0,1,0,0,0,4,5,4,0,1,0
Chr9-17659562,LOC_Os09g29080,44,17,3,40,39,47,25,32,15,4,5,3,0,0,0,2,4,2,11,10,7,9,12,12,12,12,8,11,7,11,16,11,0,0,0,0,11,11,5,35,50,52
Chr9-17659714,LOC_Os09g29080,4,5,5,5,8,10,0,2,2,0,1,0,0,0,0,0,0,0,0,1,0,3,2,3,2,1,3,2,2,0,0,1,0,0,0,0,3,3,1,6,2,7
Chr9-17659923,LOC_Os09g29080,80,79,80,90,63,60,58,86,70,21,19,15,10,6,2,13,8,6,22,23,21,55,46,43,74,61,62,34,43,21,24,38,34,18,19,33,95,108,104,127,128,127
Chr9-18240743,LOC_Os09g29980,120,114,129,80,81,87,101,102,90,80,62,41,93,93,91,104,99,102,50,57,68,65,75,45,73,71,67,28,34,31,55,52,55,12,3,13,91,86,83,151,129,132
Chr9-18243302,LOC_Os09g29980,13,7,9,17,24,28,3,4,5,0,1,1,0,0,0,0,0,0,0,0,0,0,0,0,0,0,0,1,0,0,0,1,0,3,8,0,1,1,3,15,22,20
Chr9-18243150,LOC_Os09g29980,39,46,47,79,73,78,19,14,12,27,13,28,36,26,21,9,20,6,14,10,15,15,18,13,24,25,34,31,11,16,12,17,14,3,11,4,27,30,29,39,37,36
Chr9-20851921,LOC_Os09g36180,0,0,1,0,1,0,0,0,2,0,0,0,0,0,0,0,0,0,0,0,0,0,1,1,2,0,1,0,0,0,3,5,4,0,0,0,0,0,0,0,0,0
Chr9-20857179,LOC_Os09g36180,0,4,4,0,0,0,0,0,0,2,1,0,0,0,0,0,0,0,0,1,1,0,0,0,0,0,0,0,0,0,1,1,1,0,0,0,0,0,0,2,2,1
Chr9-20857015,LOC_Os09g36180,18,16,10,1,3,0,10,15,13,10,2,7,10,5,4,1,0,8,6,5,5,6,6,8,2,2,2,11,12,15,12,14,10,0,3,3,16,17,17,19,33,16
Chr9-21375637,LOC_Os09g37060,11,10,16,1,7,7,11,12,18,2,0,2,0,0,0,0,0,0,0,0,1,0,0,0,4,1,2,2,4,4,6,6,7,0,0,0,8,3,3,17,11,10
Chr9-21375429,LOC_Os09g37060,20,17,17,4,5,7,39,47,46,29,24,22,0,0,0,0,0,0,0,0,0,10,11,7,3,5,2,1,4,2,10,10,13,0,1,0,18,21,20,19,19,19
Chr10-1748225,LOC_Os10g03850,2,2,1,3,4,1,1,0,2,0,0,0,0,0,1,0,0,0,0,0,0,0,0,0,2,3,3,4,1,0,0,0,0,0,0,0,3,2,1,0,0,0
Chr10-1743578,LOC_Os10g03850,3,8,8,6,3,6,4,15,8,4,3,3,2,2,3,2,2,2,8,9,9,10,16,11,96,55,86,8,26,25,35,39,45,8,1,5,82,83,86,11,10,9
Chr10+2831151,LOC_Os10g05660,1,2,0,0,2,0,6,7,2,19,11,14,1,0,0,9,9,12,11,16,9,21,2,5,780,823,924,48,54,51,3,0,3,20,9,3,6,4,4,0,0,0
Chr10+2830211,LOC_Os10g05660,0,0,0,0,0,0,0,0,0,0,0,0,0,0,0,0,0,1,0,2,1,0,0,0,5,5,8,0,4,2,0,0,0,3,3,6,0,0,0,0,0,0
Chr10+2831298,LOC_Os10g05660,0,0,0,2,0,0,5,4,1,16,14,15,1,0,0,11,12,14,28,30,25,21,21,22,1272,1715,1375,89,86,61,9,8,11,0,0,0,4,6,3,0,0,0
Chr10-6084404,LOC_Os10g10990,0,10,10,0,0,0,0,0,3,0,1,0,0,0,0,0,0,0,0,0,0,0,1,3,0,0,0,3,2,5,4,2,2,1,10,9,1,0,0,0,0,0
Chr10-6080392,LOC_Os10g10990,74,49,63,61,45,54,32,32,32,0,4,0,4,3,4,5,6,5,0,1,9,5,3,1,0,3,2,10,7,7,6,6,5,44,20,15,7,6,8,201,302,267
Chr10-6080043,LOC_Os10g10990,39,22,21,37,59,29,39,34,30,5,19,10,4,2,7,9,11,7,24,12,18,9,5,19,7,10,10,11,8,7,0,6,6,0,0,0,12,24,3,28,33,4
Chr10-7994198,LOC_Os10g15310,0,0,0,2,1,2,0,1,0,1,1,1,3,4,0,2,2,3,1,1,1,0,0,0,0,0,0,6,10,3,6,4,5,0,0,0,1,0,1,0,0,0
Chr10-7993302,LOC_Os10g15310,0,0,1,10,5,2,5,9,8,25,23,33,28,25,28,19,17,23,24,26,25,8,7,9,8,8,7,42,43,45,27,43,6,3,7,0,5,8,0,0,0,0
Chr10-7993421,LOC_Os10g15310,28,27,3,56,36,50,40,40,40,61,21,49,84,83,88,84,85,77,47,67,89,26,29,23,12,21,13,110,113,114,107,110,101,102,42,98,18,9,15,29,20,23
Chr10-7994884,LOC_Os10g15310,1,0,2,0,1,0,0,0,0,0,0,0,0,0,0,0,0,0,0,0,0,0,0,0,0,0,0,0,1,1,4,2,2,77,49,54,0,0,0,0,0,0
Chr10+11984899,LOC_Os10g22980,0,0,1,0,0,0,1,0,0,0,0,0,1,1,0,1,1,1,1,1,0,0,1,0,0,0,0,0,0,0,0,0,1,0,1,9,0,0,0,0,0,0
Chr10+11985179,LOC_Os10g22980,0,0,0,0,0,0,0,0,0,0,0,0,0,0,0,0,0,0,0,0,1,0,0,0,0,0,0,1,0,0,0,0,0,30,27,82,0,0,1,0,0,0
Chr10+11984655,LOC_Os10g22980,0,0,0,3,1,3,0,0,0,2,3,1,1,0,5,4,5,0,0,0,1,0,0,0,0,0,0,2,1,2,1,2,3,0,0,0,1,1,1,0,1,1
Chr10+11986116,LOC_Os10g22980,83,69,53,113,86,88,56,24,31,81,60,70,5,43,42,129,118,144,167,164,161,31,32,48,62,57,63,227,224,228,408,400,368,3222,4999,4671,113,123,121,62,58,52
Chr10-13659474,LOC_Os10g26340,40,11,44,48,28,40,35,65,101,5,4,4,10,11,9,6,7,7,6,7,6,10,7,1,8,9,10,5,4,5,4,3,3,30,15,14,0,3,3,2,4,2
Chr10-13658387,LOC_Os10g26340,0,0,0,0,0,0,0,1,0,0,0,0,0,0,0,0,0,0,44,40,44,10,10,10,2,5,3,0,2,1,0,0,0,20,10,17,0,0,0,0,0,0
Chr10-14433939,LOC_Os10g27350,6,7,16,6,7,12,7,4,8,0,1,1,4,3,6,3,2,3,1,2,2,8,3,4,0,4,8,4,6,4,11,13,12,0,0,0,3,3,2,1,0,1
Chr10-14433996,LOC_Os10g27350,2,3,4,4,5,8,4,7,0,1,1,1,0,0,0,2,0,0,2,3,4,2,0,4,1,1,1,1,1,3,9,0,2,0,0,0,4,5,2,1,8,0
Chr10-14434210,LOC_Os10g27350,24,5,1,16,10,23,15,8,10,1,1,0,0,1,2,1,2,1,1,0,0,6,6,1,1,2,3,4,3,1,6,10,14,0,0,0,5,6,5,13,14,21
Chr10-14434091,LOC_Os10g27350,3,1,4,0,0,0,0,0,0,0,0,0,1,1,0,0,0,0,0,0,0,0,0,0,1,0,0,0,0,0,3,1,1,0,0,0,3,1,1,2,1,5
Chr10-18703337,LOC_Os10g35060,3,3,5,5,1,4,0,0,0,0,0,0,0,0,0,1,0,0,0,0,0,0,0,0,0,0,0,0,0,0,0,0,1,0,0,0,0,0,0,0,0,0
Chr10-18703178,LOC_Os10g35060,200,161,173,352,273,320,79,84,63,250,244,241,603,566,579,417,520,481,209,231,202,87,102,75,221,265,202,126,140,120,85,65,58,94,129,99,48,60,45,174,162,173
Chr10+21226302,LOC_Os10g39710,0,3,0,1,0,0,4,0,3,0,0,0,0,0,0,0,0,0,0,0,0,0,0,0,0,0,0,0,0,0,0,0,0,61,52,15,0,0,0,5,1,3
Chr10+21226366,LOC_Os10g39710,27,28,21,29,10,14,30,28,25,5,3,8,0,0,0,7,5,4,2,0,1,17,13,11,46,44,50,1,2,0,0,0,2,83,162,61,0,0,0,32,13,31
Chr10+21226907,LOC_Os10g39710,28,31,30,8,9,5,6,29,26,4,2,0,1,1,0,5,4,7,0,1,3,20,14,21,38,39,25,3,3,3,6,9,2,260,386,285,0,0,0,27,29,27
Chr10+22693913,LOC_Os10g42190,5,4,4,0,0,0,1,1,0,0,0,0,2,2,0,1,0,0,3,2,1,0,1,0,0,0,0,0,0,0,0,0,0,6,7,19,1,0,0,1,2,2
Chr10+22695148,LOC_Os10g42190,175,187,181,176,171,147,128,110,118,17,18,18,28,22,28,69,58,57,57,61,56,42,36,15,29,28,24,28,32,31,18,13,18,9,71,8,29,38,23,270,269,268
Chr10+22693785,LOC_Os10g42190,104,89,133,81,111,96,135,123,131,21,23,35,72,52,72,120,143,119,169,155,158,56,37,37,30,71,69,7,62,10,17,17,16,26,58,22,32,30,30,48,48,48
Chr10-23035366,LOC_Os10g42710,154,297,223,313,210,243,303,336,325,468,483,488,718,680,728,953,899,859,673,713,683,447,454,443,659,699,680,307,372,338,271,235,301,322,360,336,233,243,259,166,180,161
Chr10-23037176,LOC_Os10g42710,0,0,0,0,0,0,0,2,0,0,4,3,0,0,0,0,0,0,3,3,3,0,4,2,1,1,3,0,0,0,0,0,0,3,2,0,0,0,2,0,0,0
Chr10-23037915,LOC_Os10g42710,4,4,6,5,1,3,2,0,0,0,0,0,0,0,0,0,0,0,0,0,0,0,0,1,0,2,0,0,0,1,0,0,0,0,0,0,0,0,0,3,2,2
Chr11-2093118,LOC_Os11g04910,0,0,0,0,0,0,0,0,0,5,0,0,0,1,1,0,0,0,0,1,0,0,0,1,0,0,0,0,0,0,0,1,2,4,4,0,0,0,0,1,1,1
Chr11-2090706,LOC_Os11g04910,11,10,15,17,6,10,0,1,4,0,0,0,4,1,0,3,1,2,0,0,0,0,0,0,0,2,0,0,0,0,1,2,0,0,0,0,3,0,4,6,7,4
Chr11-2090803,LOC_Os11g04910,14,14,13,22,21,20,11,18,15,1,0,0,5,2,0,8,7,7,10,10,16,2,1,2,5,5,5,22,39,20,13,9,16,0,0,4,32,35,33,5,3,8
Chr11+2568461,LOC_Os11g05650,190,110,142,102,134,129,89,124,137,58,64,61,38,37,40,48,43,33,55,34,61,72,71,60,71,35,66,120,84,140,62,64,68,26,47,43,88,106,105,321,348,422
Chr11+2568371,LOC_Os11g05650,23,8,34,26,18,19,1,0,0,0,0,0,0,0,0,0,0,0,1,0,0,3,5,1,1,0,0,0,0,0,1,3,2,0,0,0,3,0,0,29,18,22
Chr11+4255596,LOC_Os11g08110,1,2,9,0,7,2,2,4,3,0,0,0,0,0,0,0,0,1,0,0,0,0,0,0,0,0,0,0,0,0,0,0,1,0,0,0,0,0,0,3,10,13
Chr11+4254835,LOC_Os11g08110,3,2,2,1,1,3,3,1,2,8,8,5,0,3,1,0,0,2,1,1,2,9,11,12,2,1,0,10,3,0,7,3,9,0,0,0,2,3,2,3,2,1
Chr11+4255872,LOC_Os11g08110,4,7,10,0,7,12,14,15,16,13,4,5,3,4,3,3,5,5,5,4,6,8,7,6,1,1,0,15,3,11,6,9,8,6,2,23,11,9,9,23,16,23
Chr11+8827769,LOC_Os11g15570,0,0,0,1,2,0,3,4,6,13,14,5,1,14,11,23,7,14,5,4,4,30,28,32,129,102,100,9,11,5,25,25,16,110,198,291,13,16,11,6,1,12
Chr11+8827916,LOC_Os11g15570,0,0,0,0,0,0,2,0,6,1,2,2,0,0,0,0,0,1,0,0,0,2,2,0,4,3,4,0,0,1,4,3,3,0,0,0,0,0,0,0,0,0
Chr11-9022077,LOC_Os11g16350,0,0,0,0,0,0,0,0,0,0,0,0,0,0,0,0,0,0,0,0,0,0,0,0,5,2,2,345,304,294,3318,3561,3697,83,1023,900,2,0,1,0,0,0
Chr11-9022012,LOC_Os11g16350,0,1,2,0,0,0,0,0,0,0,0,0,1,0,0,0,0,0,0,0,0,0,0,0,0,0,0,7,6,8,46,79,70,8,4,2,0,0,0,0,0,0
Chr11+12852621,LOC_Os11g22396,0,0,0,3,1,3,1,3,4,2,0,1,5,8,5,0,3,1,2,4,4,7,3,2,4,5,4,7,1,8,6,12,9,37,13,27,0,13,8,2,8,5
Chr11+12851919,LOC_Os11g22396,0,0,1,0,0,0,0,0,0,1,0,1,2,0,0,2,1,2,0,0,0,1,1,1,0,0,0,1,0,0,1,0,0,3,1,8,0,0,0,0,0,0
Chr11+12853198,LOC_Os11g22396,15,15,15,21,22,17,16,5,8,19,16,20,18,31,31,9,14,27,25,28,29,23,20,20,20,21,19,51,51,54,47,42,37,16,16,33,34,36,39,28,26,27
Chr11+12852436,LOC_Os11g22396,0,0,0,0,0,0,0,0,0,0,2,0,4,1,0,1,0,0,0,0,0,0,0,0,0,0,0,0,2,0,1,2,1,17,1,2,0,0,0,1,0,0
Chr11-16869374,LOC_Os11g29120,0,0,0,0,1,0,0,1,1,2,3,2,5,4,0,1,1,3,0,0,0,1,1,1,4,0,4,2,3,3,3,4,3,34,18,54,1,0,0,0,0,1
Chr11-16866310,LOC_Os11g29120,77,77,76,77,44,68,67,68,61,117,89,84,79,51,59,24,37,64,56,54,46,56,76,71,50,49,49,113,103,126,90,138,100,4,7,10,130,99,140,158,120,168
Chr11-16866611,LOC_Os11g29120,0,0,0,0,2,10,0,0,1,1,0,0,0,0,0,0,0,0,0,0,0,1,2,1,0,1,2,0,0,0,0,0,0,1,3,0,0,1,0,3,0,1
Chr11+19172307,LOC_Os11g32470,24,30,26,3,19,15,19,23,21,31,31,30,43,36,40,48,38,44,45,41,36,41,48,41,48,67,41,50,23,35,13,26,24,7,7,20,37,36,47,40,38,40
Chr11+19172632,LOC_Os11g32470,0,1,3,5,5,6,4,5,4,1,5,2,8,1,3,1,5,2,3,3,3,12,16,19,6,5,5,10,9,12,23,16,19,7,2,2,8,10,8,12,13,10
Chr11+19172702,LOC_Os11g32470,2,1,1,1,2,0,4,0,3,0,1,0,0,0,0,0,0,0,0,0,0,4,1,2,0,1,1,1,0,3,5,5,4,0,0,0,0,0,0,0,0,0
Chr11+19172439,LOC_Os11g32470,2,10,10,0,0,0,1,1,0,3,0,0,0,0,0,1,1,1,0,0,0,4,0,2,1,1,0,3,2,7,2,2,4,0,0,0,3,3,1,1,2,1
Chr12+2823192,LOC_Os12g06060,0,2,2,3,1,0,2,2,2,10,28,12,24,20,11,8,1,1,0,0,0,3,7,4,9,13,17,38,43,42,11,16,24,0,0,0,10,11,9,0,0,0
Chr12+2818116,LOC_Os12g06060,1,0,3,0,0,0,4,3,3,4,3,0,5,6,9,0,0,0,2,1,2,0,3,2,6,6,2,1,0,1,0,0,0,1,0,4,0,0,0,0,0,0
Chr12+3282174,LOC_Os12g06740,10,1,7,2,10,15,4,3,1,1,1,1,2,1,0,2,3,1,1,0,0,1,1,1,0,0,0,1,0,1,1,2,0,0,0,0,0,1,0,0,2,2
Chr12+3283410,LOC_Os12g06740,1,0,4,0,4,22,6,6,1,1,4,0,1,3,0,8,1,5,0,2,2,1,1,3,1,2,0,0,0,1,2,0,4,30,11,28,0,3,1,0,0,0
Chr12+3283710,LOC_Os12g06740,5,20,22,17,14,14,1,2,0,1,1,1,1,1,0,2,3,0,1,0,0,0,0,0,0,0,0,0,0,0,0,0,0,0,0,0,0,0,0,3,5,3
Chr12+3283204,LOC_Os12g06740,48,30,47,46,49,19,11,7,20,12,15,10,32,40,35,46,52,57,18,14,14,7,8,5,15,9,4,12,14,16,14,12,10,1,24,29,17,14,18,28,36,24
Chr12+3282349,LOC_Os12g06740,20,22,13,22,13,19,46,28,30,49,50,18,37,30,38,57,49,57,22,36,23,13,26,11,26,29,30,4,6,3,22,16,20,25,14,32,22,20,19,19,19,26
Chr12+5028367,LOC_Os12g09550,5,4,7,8,5,9,33,27,31,17,10,19,2,0,13,12,18,18,32,26,23,3,8,11,11,21,0,11,10,12,12,9,15,1,1,3,19,18,17,16,14,14
Chr12+5023265,LOC_Os12g09550,0,2,2,7,4,4,0,0,0,0,0,0,5,1,0,0,0,0,1,0,0,0,1,0,0,0,0,4,3,3,0,0,0,0,0,0,4,0,2,0,1,2
Chr12+5023926,LOC_Os12g09550,1,0,2,0,0,0,0,1,0,1,1,1,2,2,4,1,1,1,3,1,2,1,0,0,1,2,4,2,2,3,8,4,2,5,9,0,2,3,4,0,0,0
Chr12+5028238,LOC_Os12g09550,4,6,2,5,4,0,0,0,0,0,0,0,0,0,0,0,1,0,2,1,0,0,0,0,0,0,0,0,0,0,0,0,0,0,0,0,0,0,0,13,12,19
Chr12-7820146,LOC_Os12g13824,60,78,90,64,66,60,78,63,69,61,50,44,29,46,25,60,55,61,50,59,57,63,75,64,42,39,40,46,52,32,143,146,152,227,212,161,36,36,32,42,46,20
Chr12-7820271,LOC_Os12g13824,7,9,8,6,5,0,1,2,2,14,9,5,7,2,6,1,7,0,0,0,3,3,3,6,2,2,3,5,7,5,16,13,10,6,3,1,10,4,14,9,4,4
Chr12-7819951,LOC_Os12g13824,25,24,6,101,127,31,12,15,24,23,26,29,54,44,50,59,63,34,27,27,27,24,23,22,15,13,11,35,37,26,36,36,32,28,31,31,21,13,20,61,64,70
Chr12-10457007,LOC_Os12g18130,0,0,0,0,0,0,2,2,2,3,0,1,0,0,0,0,0,0,0,0,0,0,0,0,0,0,0,3,1,2,15,13,10,30,56,43,0,0,0,0,0,0
Chr12-10454469,LOC_Os12g18130,5,14,14,7,2,6,1,9,15,7,4,8,4,6,5,2,2,2,6,7,11,2,1,5,0,6,9,2,9,9,23,19,20,13,56,12,5,9,7,10,3,6
Chr12-10457465,LOC_Os12g18130,0,0,0,0,0,0,0,0,0,0,0,0,0,0,0,0,0,0,0,0,0,0,0,0,0,0,0,0,0,0,4,5,6,15,15,13,0,0,0,0,0,0
Chr12-10454645,LOC_Os12g18130,0,5,1,0,7,2,0,1,0,0,0,0,0,0,0,0,2,1,2,1,1,0,0,0,0,0,0,2,0,1,5,4,6,0,0,0,3,0,1,4,4,5
Chr12+13658119,LOC_Os12g24020,2,1,2,2,3,5,0,5,12,31,32,33,812,757,807,142,135,165,2685,2618,2539,23,25,42,1332,1568,1562,1791,1781,1753,67,63,67,1783,1764,1153,283,278,283,5,3,6
Chr12+13658737,LOC_Os12g24020,0,0,0,0,0,0,0,0,0,0,1,0,0,6,1,0,0,2,15,14,15,1,0,1,26,26,22,9,8,4,1,1,1,0,0,0,1,1,1,0,0,0
Chr12-15284075,LOC_Os12g26220,0,0,0,0,0,0,0,0,0,0,1,3,0,1,0,0,0,0,0,0,0,1,0,0,0,0,1,0,0,0,0,0,0,13,4,20,0,0,0,0,0,0
Chr12-15284455,LOC_Os12g26220,7,3,12,5,4,6,35,32,40,350,406,400,407,471,378,117,102,133,43,47,41,20,20,19,16,33,32,91,79,61,89,83,93,809,504,383,35,65,59,9,9,8
Chr12-15284314,LOC_Os12g26220,4,0,4,0,0,0,3,1,2,24,30,21,13,15,12,2,4,3,0,0,0,2,3,4,0,0,1,11,9,4,9,12,14,70,81,67,11,5,2,0,0,0
Chr12-19180662,LOC_Os12g31860,1,0,1,0,0,0,6,7,8,3,0,4,16,21,15,15,10,16,48,48,47,5,12,13,28,37,36,77,73,69,27,25,23,10,9,13,22,26,11,1,1,4
Chr12-19180942,LOC_Os12g31860,2,2,0,0,0,0,23,32,11,15,17,16,62,69,32,40,38,39,284,289,298,101,96,98,257,222,278,327,357,306,155,156,160,72,115,101,106,155,122,10,13,11
Chr12-20540795,LOC_Os12g34018,66,92,51,6,6,3,10,8,11,0,0,0,1,5,0,0,0,0,0,0,0,0,0,0,0,0,0,1,0,1,0,1,0,1,2,0,0,0,0,14,23,29
Chr12-20540125,LOC_Os12g34018,228,247,106,48,37,46,14,15,15,0,0,1,2,2,1,0,0,0,0,1,1,3,4,5,1,0,0,2,0,2,0,1,0,30,18,68,1,1,2,254,208,295
Chr12-20749061,LOC_Os12g34220,4,0,8,3,3,3,0,0,4,0,0,0,0,0,0,0,0,0,0,0,1,1,0,1,0,0,0,0,1,1,9,12,3,0,0,1,3,6,6,2,1,4
Chr12-20751954,LOC_Os12g34220,1,0,1,0,0,1,4,1,8,2,3,4,1,1,3,1,1,2,0,0,0,1,0,1,3,4,0,1,1,1,0,0,0,16,24,1,0,0,0,0,0,0
Chr12-20749967,LOC_Os12g34220,6,9,6,5,1,7,0,0,1,0,0,0,0,0,0,0,0,0,0,0,0,0,0,0,0,1,0,0,0,0,0,0,0,0,0,0,1,1,0,0,2,1
Chr12+21666294,LOC_Os12g35630,8,3,1,5,3,7,6,5,6,271,257,232,169,167,158,204,175,178,42,44,47,8,2,6,2,2,2,38,39,16,1,3,4,26,99,46,10,31,14,0,0,0
Chr12+21663909,LOC_Os12g35630,0,2,1,1,4,2,5,2,3,386,362,381,61,57,52,53,59,55,25,34,30,7,6,6,2,2,2,38,38,20,6,6,6,0,0,0,21,20,22,0,0,0
Chr12+21666213,LOC_Os12g35630,0,0,0,0,0,0,0,0,1,38,32,29,21,25,15,19,2,39,1,3,2,0,1,1,0,0,0,3,1,0,1,0,1,0,0,0,3,4,2,0,0,0
Chr12-22954077,LOC_Os12g37400,0,0,0,0,0,0,0,0,2,4,12,5,0,0,1,0,0,0,1,0,0,22,16,20,8,5,2,1,3,3,0,0,2,2,2,0,3,2,6,0,0,0
Chr12-22954132,LOC_Os12g37400,1,1,0,0,0,0,0,1,2,3,6,4,0,0,0,0,0,0,0,0,1,11,12,10,5,5,6,6,1,1,6,0,6,19,31,11,5,7,4,1,2,1
